filename,width,height,class,xmin,ymin,xmax,ymax
agri_0_9354.jpeg,512,512,weed,63,120,425,442
agri_0_9354.jpeg,512,512,weed,0,1,180,148
agri_0_7574.jpeg,512,512,crop,95,167,453,469
agri_0_8960.jpeg,512,512,weed,52,76,422,353
agri_0_417.jpeg,512,512,weed,7,75,511,411
agri_0_5994.jpeg,512,512,crop,59,17,419,512
agri_0_9892.jpeg,512,512,weed,21,234,239,473
agri_0_7055.jpeg,512,512,weed,35,104,499,397
agri_0_6697.jpeg,512,512,crop,27,3,468,512
agri_0_1630.jpeg,512,512,crop,12,14,435,511
agri_0_6701.jpeg,512,512,weed,120,175,369,405
agri_0_491.jpeg,512,512,crop,61,84,464,454
agri_0_6904.jpeg,512,512,crop,100,186,402,471
agri_0_6904.jpeg,512,512,crop,188,77,467,256
agri_0_3473.jpeg,512,512,weed,90,0,496,461
agri_0_8496.jpeg,512,512,weed,175,171,322,301
agri_0_8496.jpeg,512,512,weed,12,329,184,497
agri_0_8029.jpeg,512,512,crop,110,156,511,485
agri_0_8029.jpeg,512,512,crop,5,1,357,243
agri_0_1361.jpeg,512,512,crop,11,1,506,507
agri_0_4323.jpeg,512,512,crop,7,8,507,480
agri_0_5967.jpeg,512,512,weed,182,80,460,405
agri_0_1692.jpeg,512,512,weed,77,283,255,474
agri_0_1692.jpeg,512,512,weed,1,96,82,289
agri_0_1692.jpeg,512,512,weed,402,270,504,455
agri_0_7322.jpeg,512,512,crop,42,51,474,468
agri_0_596.jpeg,512,512,crop,65,54,512,420
agri_0_4645.jpeg,512,512,crop,87,24,427,475
agri_0_4488.jpeg,512,512,weed,93,172,411,417
agri_0_4488.jpeg,512,512,weed,24,13,165,149
agri_0_4488.jpeg,512,512,weed,394,65,512,185
agri_0_6312.jpeg,512,512,weed,75,72,333,442
agri_0_8886.jpeg,512,512,weed,100,103,452,356
agri_0_9266.jpeg,512,512,weed,176,169,388,385
agri_0_9810.jpeg,512,512,weed,101,149,414,374
agri_0_4009.jpeg,512,512,weed,90,157,371,411
agri_0_838.jpeg,512,512,crop,28,25,476,440
agri_0_838.jpeg,512,512,crop,20,94,161,211
agri_0_4793.jpeg,512,512,weed,101,115,288,400
agri_0_6461.jpeg,512,512,crop,79,106,109,152
agri_0_6461.jpeg,512,512,crop,152,118,224,199
agri_0_6461.jpeg,512,512,crop,189,219,240,281
agri_0_6461.jpeg,512,512,crop,253,227,315,289
agri_0_6461.jpeg,512,512,crop,322,190,415,289
agri_0_6461.jpeg,512,512,crop,318,23,353,128
agri_0_6461.jpeg,512,512,crop,376,83,417,128
agri_0_6461.jpeg,512,512,crop,269,130,293,170
agri_0_6461.jpeg,512,512,crop,39,178,85,219
agri_0_6461.jpeg,512,512,crop,108,372,174,408
agri_0_6461.jpeg,512,512,crop,469,107,512,158
agri_0_6461.jpeg,512,512,crop,435,23,512,100
agri_0_1729.jpeg,512,512,weed,17,76,404,500
agri_0_4116.jpeg,512,512,crop,84,49,458,446
agri_0_1572.jpeg,512,512,weed,115,32,197,88
agri_0_1572.jpeg,512,512,weed,185,100,488,348
agri_0_1572.jpeg,512,512,weed,7,173,160,428
agri_0_7443.jpeg,512,512,weed,145,96,412,304
agri_0_5352.jpeg,512,512,crop,0,81,473,443
agri_0_4785.jpeg,512,512,weed,204,227,289,328
agri_0_5780.jpeg,512,512,crop,224,248,305,328
agri_0_5780.jpeg,512,512,crop,417,234,490,322
agri_0_5780.jpeg,512,512,crop,360,2,497,57
agri_0_5780.jpeg,512,512,crop,240,444,298,500
agri_0_5780.jpeg,512,512,crop,188,8,229,48
agri_0_5780.jpeg,512,512,crop,199,339,255,400
agri_0_543.jpeg,512,512,weed,128,236,257,412
agri_0_8565.jpeg,512,512,crop,1,63,512,393
agri_0_8565.jpeg,512,512,crop,205,366,477,511
agri_0_3213.jpeg,512,512,weed,226,193,329,355
agri_0_3213.jpeg,512,512,weed,6,99,153,270
agri_0_3213.jpeg,512,512,weed,351,380,455,476
agri_0_1851.jpeg,512,512,weed,198,127,384,300
agri_0_9486.jpeg,512,512,weed,10,26,474,488
agri_0_4118.jpeg,512,512,weed,47,124,408,478
agri_0_5736.jpeg,512,512,weed,104,80,400,382
agri_0_7135.jpeg,512,512,weed,20,17,467,480
agri_0_934.jpeg,512,512,weed,112,142,412,376
agri_0_567.jpeg,512,512,weed,107,230,364,384
agri_0_7091.jpeg,512,512,crop,7,19,503,487
agri_0_1619.jpeg,512,512,crop,82,142,418,376
agri_0_9284.jpeg,512,512,crop,14,13,510,500
agri_0_1868.jpeg,512,512,weed,39,30,497,504
agri_0_5896.jpeg,512,512,crop,3,6,512,508
agri_0_9032.jpeg,512,512,crop,16,200,497,423
agri_0_7106.jpeg,512,512,weed,47,47,428,489
agri_0_3045.jpeg,512,512,weed,56,78,448,398
agri_0_3045.jpeg,512,512,weed,343,375,512,494
agri_0_7219.jpeg,512,512,weed,28,20,477,474
agri_0_9776.jpeg,512,512,crop,25,15,496,495
agri_0_7943.jpeg,512,512,crop,31,3,462,512
agri_0_5644.jpeg,512,512,crop,49,25,467,454
agri_0_2390.jpeg,512,512,weed,141,166,405,333
agri_0_2001.jpeg,512,512,weed,117,112,436,477
agri_0_9327.jpeg,512,512,weed,29,177,452,408
agri_0_4055.jpeg,512,512,weed,106,103,424,421
agri_0_4553.jpeg,512,512,crop,3,30,512,510
agri_0_6717.jpeg,512,512,crop,23,61,512,510
agri_0_4862.jpeg,512,512,weed,74,84,377,380
agri_0_8959.jpeg,512,512,crop,50,28,440,512
agri_0_5246.jpeg,512,512,weed,86,174,420,511
agri_0_3328.jpeg,512,512,weed,0,152,461,472
agri_0_3328.jpeg,512,512,weed,357,65,504,145
agri_0_7681.jpeg,512,512,crop,160,169,416,340
agri_0_5949.jpeg,512,512,weed,93,109,472,340
agri_0_7844.jpeg,512,512,weed,89,106,436,378
agri_0_7844.jpeg,512,512,weed,394,317,512,464
agri_0_6523.jpeg,512,512,crop,93,127,411,418
agri_0_6354.jpeg,512,512,crop,213,201,324,313
agri_0_4337.jpeg,512,512,weed,215,191,310,295
agri_0_3648.jpeg,512,512,weed,58,133,471,353
agri_0_1242.jpeg,512,512,crop,19,110,499,472
agri_0_3555.jpeg,512,512,crop,97,111,484,475
agri_0_1079.jpeg,512,512,weed,6,4,501,500
agri_0_4499.jpeg,512,512,crop,29,1,443,512
agri_0_8490.jpeg,512,512,crop,88,138,387,274
agri_0_6468.jpeg,512,512,weed,49,47,416,343
agri_0_9804.jpeg,512,512,crop,89,1,511,512
agri_0_9804.jpeg,512,512,crop,24,132,264,450
agri_0_2525.jpeg,512,512,crop,12,13,501,495
agri_0_8095.jpeg,512,512,weed,43,85,493,416
agri_0_2469.jpeg,512,512,weed,26,109,496,430
agri_0_1642.jpeg,512,512,weed,8,27,512,353
agri_0_1642.jpeg,512,512,weed,7,368,144,482
agri_0_8107.jpeg,512,512,weed,50,124,425,414
agri_0_5494.jpeg,512,512,crop,77,3,439,512
agri_0_5362.jpeg,512,512,weed,69,121,428,465
agri_0_6268.jpeg,512,512,weed,76,105,396,463
agri_0_9584.jpeg,512,512,crop,72,134,449,367
agri_0_113.jpeg,512,512,weed,62,43,468,498
agri_0_3289.jpeg,512,512,weed,307,224,496,396
agri_0_3289.jpeg,512,512,weed,196,21,418,167
agri_0_3289.jpeg,512,512,weed,41,180,195,400
agri_0_8746.jpeg,512,512,weed,106,149,316,455
agri_0_8746.jpeg,512,512,weed,359,39,493,480
agri_0_6703.jpeg,512,512,weed,4,48,429,512
agri_0_4845.jpeg,512,512,weed,28,173,380,409
agri_0_9176.jpeg,512,512,crop,4,4,237,198
agri_0_9176.jpeg,512,512,crop,86,122,491,448
agri_0_9176.jpeg,512,512,crop,318,72,511,270
agri_0_8143.jpeg,512,512,weed,73,68,488,492
agri_0_4356.jpeg,512,512,crop,46,70,492,452
agri_0_8388.jpeg,512,512,crop,71,70,433,358
agri_0_7796.jpeg,512,512,crop,46,69,511,408
agri_0_7796.jpeg,512,512,crop,0,1,319,180
agri_0_2322.jpeg,512,512,crop,56,37,434,508
agri_0_8413.jpeg,512,512,weed,136,161,338,313
agri_0_7241.jpeg,512,512,weed,41,84,297,411
agri_0_3913.jpeg,512,512,weed,69,65,416,402
agri_0_3556.jpeg,512,512,weed,192,124,394,354
agri_0_808.jpeg,512,512,weed,50,130,409,448
agri_0_8315.jpeg,512,512,crop,5,41,512,496
agri_0_5145.jpeg,512,512,crop,24,129,450,387
agri_0_5145.jpeg,512,512,crop,1,0,256,237
agri_0_5145.jpeg,512,512,crop,199,4,509,160
agri_0_57.jpeg,512,512,crop,23,14,474,444
agri_0_57.jpeg,512,512,crop,26,93,162,228
agri_0_8904.jpeg,512,512,weed,18,8,497,505
agri_0_773.jpeg,512,512,crop,32,65,417,512
agri_0_3471.jpeg,512,512,crop,34,52,428,317
agri_0_3471.jpeg,512,512,crop,187,306,305,415
agri_0_4010.jpeg,512,512,weed,146,90,442,394
agri_0_6449.jpeg,512,512,crop,63,115,441,408
agri_0_76.jpeg,512,512,weed,183,132,417,326
agri_0_76.jpeg,512,512,weed,433,330,512,467
agri_0_76.jpeg,512,512,weed,124,275,171,331
agri_0_76.jpeg,512,512,weed,248,369,324,430
agri_0_76.jpeg,512,512,weed,0,27,41,95
agri_0_7283.jpeg,512,512,crop,50,3,412,512
agri_0_6355.jpeg,512,512,weed,130,78,335,369
agri_0_6679.jpeg,512,512,weed,107,62,440,396
agri_0_6679.jpeg,512,512,weed,12,200,133,323
agri_0_6679.jpeg,512,512,weed,72,437,344,512
agri_0_7623.jpeg,512,512,crop,78,25,467,418
agri_0_5019.jpeg,512,512,crop,15,10,499,455
agri_0_9145.jpeg,512,512,crop,166,181,240,247
agri_0_9145.jpeg,512,512,crop,78,66,164,139
agri_0_9145.jpeg,512,512,crop,52,269,100,320
agri_0_9145.jpeg,512,512,crop,192,386,235,436
agri_0_9145.jpeg,512,512,crop,362,244,407,305
agri_0_9145.jpeg,512,512,crop,55,161,97,202
agri_0_9145.jpeg,512,512,crop,164,311,198,337
agri_0_8417.jpeg,512,512,weed,116,121,346,385
agri_0_7588.jpeg,512,512,crop,36,80,500,414
agri_0_7985.jpeg,512,512,crop,119,82,467,415
agri_0_6308.jpeg,512,512,weed,87,197,406,435
agri_0_6154.jpeg,512,512,weed,70,160,448,448
agri_0_8872.jpeg,512,512,crop,27,22,499,494
agri_0_9144.jpeg,512,512,crop,6,17,453,400
agri_0_2595.jpeg,512,512,weed,16,40,408,394
agri_0_6814.jpeg,512,512,crop,109,185,416,465
agri_0_6814.jpeg,512,512,crop,46,60,327,258
agri_0_357.jpeg,512,512,weed,128,84,360,461
agri_0_8815.jpeg,512,512,crop,6,4,495,473
agri_0_223.jpeg,512,512,weed,10,8,492,491
agri_0_5088.jpeg,512,512,crop,7,6,512,510
agri_0_9085.jpeg,512,512,weed,41,26,504,512
agri_0_4909.jpeg,512,512,crop,5,18,424,468
agri_0_2256.jpeg,512,512,crop,111,143,439,406
agri_0_8654.jpeg,512,512,weed,85,169,422,395
agri_0_8675.jpeg,512,512,weed,100,18,422,396
agri_0_1477.jpeg,512,512,crop,32,40,400,382
agri_0_4123.jpeg,512,512,crop,5,1,479,512
agri_0_1350.jpeg,512,512,weed,180,160,321,380
agri_0_3234.jpeg,512,512,weed,266,219,505,506
agri_0_6157.jpeg,512,512,weed,45,73,491,425
agri_0_6160.jpeg,512,512,weed,209,181,329,301
agri_0_6160.jpeg,512,512,weed,33,28,138,122
agri_0_5182.jpeg,512,512,weed,169,105,378,399
agri_0_9172.jpeg,512,512,crop,52,46,413,421
agri_0_1171.jpeg,512,512,crop,0,106,502,432
agri_0_7362.jpeg,512,512,weed,106,221,370,375
agri_0_2670.jpeg,512,512,weed,161,57,382,429
agri_0_6342.jpeg,512,512,weed,15,51,491,411
agri_0_7756.jpeg,512,512,weed,56,46,421,444
agri_0_8269.jpeg,512,512,weed,96,136,420,497
agri_0_5786.jpeg,512,512,crop,195,70,228,112
agri_0_5786.jpeg,512,512,crop,153,187,252,256
agri_0_5786.jpeg,512,512,crop,111,256,171,319
agri_0_5786.jpeg,512,512,crop,0,203,77,305
agri_0_5786.jpeg,512,512,crop,401,129,478,190
agri_0_5786.jpeg,512,512,crop,311,381,381,460
agri_0_5786.jpeg,512,512,crop,221,337,261,364
agri_0_5786.jpeg,512,512,crop,329,20,426,86
agri_0_5786.jpeg,512,512,crop,435,266,512,320
agri_0_5786.jpeg,512,512,crop,312,241,386,339
agri_0_4937.jpeg,512,512,weed,99,63,439,405
agri_0_4586.jpeg,512,512,crop,17,37,474,477
agri_0_6848.jpeg,512,512,crop,319,306,390,354
agri_0_6848.jpeg,512,512,crop,320,241,393,276
agri_0_6848.jpeg,512,512,crop,89,243,160,327
agri_0_6848.jpeg,512,512,crop,114,355,163,480
agri_0_6848.jpeg,512,512,crop,304,414,353,453
agri_0_6848.jpeg,512,512,crop,332,43,392,146
agri_0_6848.jpeg,512,512,crop,203,77,237,107
agri_0_6848.jpeg,512,512,crop,446,75,487,141
agri_0_6120.jpeg,512,512,crop,48,0,512,502
agri_0_7279.jpeg,512,512,crop,73,5,438,512
agri_0_7997.jpeg,512,512,crop,14,112,460,512
agri_0_6827.jpeg,512,512,weed,39,174,420,407
agri_0_2714.jpeg,512,512,crop,1,80,505,477
agri_0_665.jpeg,512,512,crop,0,60,504,409
agri_0_8609.jpeg,512,512,crop,15,21,501,484
agri_0_452.jpeg,512,512,weed,3,82,496,433
agri_0_8358.jpeg,512,512,crop,145,85,392,328
agri_0_7959.jpeg,512,512,crop,16,23,506,478
agri_0_248.jpeg,512,512,weed,91,99,353,436
agri_0_9601.jpeg,512,512,crop,31,70,450,460
agri_0_8574.jpeg,512,512,crop,99,85,484,476
agri_0_6917.jpeg,512,512,crop,16,100,485,376
agri_0_3964.jpeg,512,512,crop,116,112,183,168
agri_0_3964.jpeg,512,512,crop,322,80,354,115
agri_0_3964.jpeg,512,512,crop,294,155,327,184
agri_0_3964.jpeg,512,512,crop,120,188,185,242
agri_0_3964.jpeg,512,512,crop,222,180,250,211
agri_0_3964.jpeg,512,512,crop,121,282,162,356
agri_0_3964.jpeg,512,512,crop,80,391,150,446
agri_0_3964.jpeg,512,512,crop,405,263,438,307
agri_0_3964.jpeg,512,512,crop,349,421,392,454
agri_0_3964.jpeg,512,512,crop,23,250,77,292
agri_0_3964.jpeg,512,512,crop,36,361,76,395
agri_0_3964.jpeg,512,512,crop,60,315,89,352
agri_0_1992.jpeg,512,512,weed,64,114,414,345
agri_0_630.jpeg,512,512,weed,103,145,410,403
agri_0_2498.jpeg,512,512,weed,29,108,492,429
agri_0_1779.jpeg,512,512,weed,1,0,384,424
agri_0_1779.jpeg,512,512,weed,410,269,497,363
agri_0_3752.jpeg,512,512,weed,56,177,458,488
agri_0_7070.jpeg,512,512,weed,32,93,512,440
agri_0_7344.jpeg,512,512,weed,106,58,450,376
agri_0_2082.jpeg,512,512,weed,88,32,508,433
agri_0_7388.jpeg,512,512,crop,45,111,488,382
agri_0_4684.jpeg,512,512,weed,178,165,476,303
agri_0_4684.jpeg,512,512,weed,0,93,166,360
agri_0_4684.jpeg,512,512,weed,107,416,221,478
agri_0_7839.jpeg,512,512,weed,56,161,469,395
agri_0_5053.jpeg,512,512,crop,292,311,330,342
agri_0_5053.jpeg,512,512,crop,372,347,407,386
agri_0_5053.jpeg,512,512,crop,336,153,445,203
agri_0_5053.jpeg,512,512,crop,314,65,418,121
agri_0_5053.jpeg,512,512,crop,95,95,216,150
agri_0_5053.jpeg,512,512,crop,19,347,117,395
agri_0_5053.jpeg,512,512,crop,300,476,352,511
agri_0_5053.jpeg,512,512,crop,45,150,126,248
agri_0_5053.jpeg,512,512,crop,234,16,283,43
agri_0_5632.jpeg,512,512,weed,164,148,510,360
agri_0_5632.jpeg,512,512,weed,1,371,100,512
agri_0_5632.jpeg,512,512,weed,0,51,153,217
agri_0_920.jpeg,512,512,crop,24,19,413,389
agri_0_920.jpeg,512,512,crop,244,177,511,504
agri_0_4771.jpeg,512,512,crop,79,80,468,489
agri_0_6652.jpeg,512,512,weed,286,74,455,330
agri_0_6652.jpeg,512,512,weed,74,204,193,371
agri_0_9764.jpeg,512,512,weed,22,40,440,386
agri_0_3514.jpeg,512,512,weed,235,190,324,340
agri_0_3514.jpeg,512,512,weed,7,96,154,248
agri_0_4972.jpeg,512,512,weed,84,156,375,414
agri_0_2077.jpeg,512,512,crop,51,69,432,428
agri_0_9216.jpeg,512,512,weed,305,165,455,403
agri_0_9216.jpeg,512,512,weed,73,158,171,310
agri_0_9474.jpeg,512,512,crop,67,79,512,392
agri_0_6287.jpeg,512,512,weed,101,151,423,378
agri_0_5508.jpeg,512,512,weed,86,150,347,281
agri_0_8842.jpeg,512,512,weed,4,106,341,416
agri_0_8842.jpeg,512,512,weed,366,355,508,512
agri_0_8842.jpeg,512,512,weed,356,44,509,239
agri_0_3900.jpeg,512,512,weed,47,53,483,512
agri_0_9425.jpeg,512,512,weed,68,53,412,391
agri_0_7466.jpeg,512,512,weed,207,198,297,308
agri_0_4355.jpeg,512,512,crop,100,252,143,295
agri_0_4355.jpeg,512,512,crop,270,188,348,244
agri_0_4355.jpeg,512,512,crop,424,278,459,313
agri_0_4355.jpeg,512,512,crop,286,384,314,429
agri_0_4355.jpeg,512,512,crop,347,272,370,300
agri_0_4355.jpeg,512,512,crop,366,73,419,112
agri_0_4355.jpeg,512,512,crop,178,39,207,67
agri_0_4355.jpeg,512,512,crop,264,20,297,50
agri_0_4355.jpeg,512,512,crop,420,171,462,200
agri_0_4355.jpeg,512,512,crop,7,8,68,37
agri_0_6668.jpeg,512,512,crop,38,71,440,447
agri_0_7382.jpeg,512,512,weed,139,162,268,356
agri_0_7382.jpeg,512,512,weed,341,100,470,292
agri_0_5121.jpeg,512,512,crop,1,88,411,472
agri_0_5121.jpeg,512,512,crop,176,1,512,270
agri_0_3706.jpeg,512,512,crop,73,76,411,423
agri_0_9701.jpeg,512,512,crop,24,119,501,445
agri_0_1385.jpeg,512,512,weed,86,80,464,360
agri_0_6279.jpeg,512,512,weed,132,117,476,431
agri_0_1858.jpeg,512,512,crop,88,134,453,389
agri_0_9707.jpeg,512,512,crop,37,84,512,429
agri_0_7208.jpeg,512,512,weed,233,172,324,314
agri_0_7208.jpeg,512,512,weed,8,259,161,430
agri_0_6042.jpeg,512,512,crop,70,1,457,512
agri_0_6034.jpeg,512,512,weed,37,196,502,493
agri_0_6034.jpeg,512,512,weed,168,38,386,181
agri_0_8982.jpeg,512,512,weed,126,163,327,417
agri_0_9952.jpeg,512,512,weed,60,76,511,478
agri_0_2363.jpeg,512,512,crop,44,29,470,488
agri_0_6010.jpeg,512,512,weed,129,80,375,320
agri_0_6010.jpeg,512,512,weed,53,271,419,496
agri_0_4571.jpeg,512,512,weed,78,174,349,292
agri_0_4571.jpeg,512,512,weed,362,200,512,312
agri_0_4571.jpeg,512,512,weed,148,338,392,495
agri_0_4571.jpeg,512,512,weed,228,27,397,121
agri_0_7153.jpeg,512,512,crop,48,93,413,428
agri_0_641.jpeg,512,512,crop,144,172,305,329
agri_0_9264.jpeg,512,512,weed,66,146,361,425
agri_0_5627.jpeg,512,512,crop,8,126,477,404
agri_0_5627.jpeg,512,512,crop,0,4,310,196
agri_0_6326.jpeg,512,512,weed,26,15,466,446
agri_0_9126.jpeg,512,512,crop,80,105,446,418
agri_0_1835.jpeg,512,512,crop,79,3,466,387
agri_0_6419.jpeg,512,512,crop,46,7,436,483
agri_0_2999.jpeg,512,512,weed,73,121,467,399
agri_0_8485.jpeg,512,512,crop,37,5,512,423
agri_0_9875.jpeg,512,512,weed,138,178,340,380
agri_0_1020.jpeg,512,512,weed,66,23,440,336
agri_0_3022.jpeg,512,512,crop,54,10,440,512
agri_0_3412.jpeg,512,512,weed,89,56,427,337
agri_0_3500.jpeg,512,512,crop,2,57,443,406
agri_0_4838.jpeg,512,512,crop,42,38,496,447
agri_0_3736.jpeg,512,512,crop,21,37,504,509
agri_0_3736.jpeg,512,512,crop,192,4,512,305
agri_0_3054.jpeg,512,512,weed,46,133,437,512
agri_0_1026.jpeg,512,512,crop,125,84,383,337
agri_0_3682.jpeg,512,512,weed,16,99,477,487
agri_0_8857.jpeg,512,512,weed,176,156,392,324
agri_0_484.jpeg,512,512,crop,102,75,439,447
agri_0_5821.jpeg,512,512,crop,20,38,476,471
agri_0_5622.jpeg,512,512,weed,77,89,446,448
agri_0_7603.jpeg,512,512,crop,56,155,512,422
agri_0_7603.jpeg,512,512,crop,62,2,511,129
agri_0_3577.jpeg,512,512,crop,98,189,466,376
agri_0_3577.jpeg,512,512,crop,272,0,486,136
agri_0_3805.jpeg,512,512,weed,186,193,385,359
agri_0_2521.jpeg,512,512,crop,30,3,511,437
agri_0_6031.jpeg,512,512,crop,34,71,466,480
agri_0_6031.jpeg,512,512,crop,145,3,512,199
agri_0_3284.jpeg,512,512,crop,24,38,472,505
agri_0_8642.jpeg,512,512,weed,16,113,442,416
agri_0_9450.jpeg,512,512,weed,49,139,391,456
agri_0_6216.jpeg,512,512,weed,71,144,467,385
agri_0_9135.jpeg,512,512,weed,150,186,263,332
agri_0_9135.jpeg,512,512,weed,342,95,472,264
agri_0_3278.jpeg,512,512,weed,90,72,449,363
agri_0_8800.jpeg,512,512,weed,79,155,418,351
agri_0_7018.jpeg,512,512,weed,196,134,386,308
agri_0_654.jpeg,512,512,crop,33,115,512,512
agri_0_5823.jpeg,512,512,crop,19,64,512,482
agri_0_6182.jpeg,512,512,weed,43,121,336,443
agri_0_3186.jpeg,512,512,weed,6,72,500,472
agri_0_2263.jpeg,512,512,crop,1,38,480,480
agri_0_7795.jpeg,512,512,crop,93,101,421,387
agri_0_3093.jpeg,512,512,crop,71,133,438,511
agri_0_1028.jpeg,512,512,crop,225,129,261,161
agri_0_1028.jpeg,512,512,crop,232,66,260,108
agri_0_1028.jpeg,512,512,crop,58,97,94,144
agri_0_1028.jpeg,512,512,crop,198,240,231,261
agri_0_1028.jpeg,512,512,crop,381,192,404,225
agri_0_1028.jpeg,512,512,crop,359,309,401,342
agri_0_1028.jpeg,512,512,crop,211,347,245,376
agri_0_1028.jpeg,512,512,crop,265,399,291,432
agri_0_1028.jpeg,512,512,crop,374,456,407,488
agri_0_1028.jpeg,512,512,crop,64,407,106,430
agri_0_1028.jpeg,512,512,crop,187,480,217,499
agri_0_1028.jpeg,512,512,crop,93,444,116,465
agri_0_2901.jpeg,512,512,weed,249,27,440,259
agri_0_2901.jpeg,512,512,weed,417,228,512,428
agri_0_2901.jpeg,512,512,weed,6,67,105,251
agri_0_5318.jpeg,512,512,weed,28,107,404,339
agri_0_1929.jpeg,512,512,crop,31,76,482,387
agri_0_6857.jpeg,512,512,crop,37,44,460,437
agri_0_2685.jpeg,512,512,weed,180,188,286,354
agri_0_2685.jpeg,512,512,weed,346,94,504,252
agri_0_544.jpeg,512,512,crop,103,53,421,391
agri_0_544.jpeg,512,512,crop,105,298,338,512
agri_0_544.jpeg,512,512,crop,374,168,511,434
agri_0_544.jpeg,512,512,crop,1,15,107,473
agri_0_9062.jpeg,512,512,weed,300,64,460,381
agri_0_9062.jpeg,512,512,weed,69,196,183,362
agri_0_1771.jpeg,512,512,crop,11,122,499,409
agri_0_6610.jpeg,512,512,crop,101,60,448,381
agri_0_4326.jpeg,512,512,weed,72,134,446,402
agri_0_9044.jpeg,512,512,crop,186,231,240,305
agri_0_9044.jpeg,512,512,crop,249,218,408,324
agri_0_9044.jpeg,512,512,crop,105,103,177,140
agri_0_9044.jpeg,512,512,crop,12,108,45,180
agri_0_9044.jpeg,512,512,crop,45,283,87,338
agri_0_9044.jpeg,512,512,crop,148,348,236,402
agri_0_9044.jpeg,512,512,crop,290,229,404,326
agri_0_9044.jpeg,512,512,crop,302,386,415,450
agri_0_9044.jpeg,512,512,crop,430,403,512,490
agri_0_9044.jpeg,512,512,crop,328,100,373,152
agri_0_9044.jpeg,512,512,crop,26,351,119,414
agri_0_9044.jpeg,512,512,crop,115,303,157,334
agri_0_1990.jpeg,512,512,crop,0,199,468,447
agri_0_3.jpeg,512,512,crop,28,127,462,447
agri_0_784.jpeg,512,512,weed,134,80,376,392
agri_0_3200.jpeg,512,512,crop,4,53,420,512
agri_0_2400.jpeg,512,512,weed,39,55,451,512
agri_0_2040.jpeg,512,512,weed,98,170,395,362
agri_0_14.jpeg,512,512,crop,68,88,107,113
agri_0_14.jpeg,512,512,crop,156,267,190,292
agri_0_14.jpeg,512,512,crop,56,254,104,287
agri_0_14.jpeg,512,512,crop,256,192,305,219
agri_0_14.jpeg,512,512,crop,210,336,265,384
agri_0_14.jpeg,512,512,crop,184,414,219,447
agri_0_14.jpeg,512,512,crop,16,448,81,499
agri_0_14.jpeg,512,512,crop,387,184,426,215
agri_0_14.jpeg,512,512,crop,312,270,341,293
agri_0_14.jpeg,512,512,crop,32,168,69,207
agri_0_14.jpeg,512,512,crop,401,222,450,255
agri_0_14.jpeg,512,512,crop,120,268,153,300
agri_0_14.jpeg,512,512,crop,79,229,114,256
agri_0_14.jpeg,512,512,crop,76,115,106,140
agri_0_14.jpeg,512,512,crop,134,102,164,132
agri_0_14.jpeg,512,512,crop,488,107,511,141
agri_0_14.jpeg,512,512,crop,382,90,414,115
agri_0_14.jpeg,512,512,crop,418,326,441,360
agri_0_14.jpeg,512,512,crop,195,388,235,422
agri_0_156.jpeg,512,512,weed,18,36,433,508
agri_0_8585.jpeg,512,512,weed,55,35,250,242
agri_0_8585.jpeg,512,512,weed,410,125,504,239
agri_0_8585.jpeg,512,512,weed,4,245,88,431
agri_0_7925.jpeg,512,512,crop,52,100,471,454
agri_0_3796.jpeg,512,512,weed,308,117,500,320
agri_0_3796.jpeg,512,512,weed,204,347,428,497
agri_0_3796.jpeg,512,512,weed,48,103,242,266
agri_0_7842.jpeg,512,512,weed,4,219,258,356
agri_0_7842.jpeg,512,512,weed,64,11,319,164
agri_0_7842.jpeg,512,512,weed,361,182,472,287
agri_0_7842.jpeg,512,512,weed,392,2,512,121
agri_0_8184.jpeg,512,512,crop,108,12,476,436
agri_0_8184.jpeg,512,512,crop,252,5,511,243
agri_0_6565.jpeg,512,512,crop,0,93,500,436
agri_0_4002.jpeg,512,512,crop,175,228,242,340
agri_0_4002.jpeg,512,512,crop,77,375,136,487
agri_0_4002.jpeg,512,512,crop,460,233,504,392
agri_0_4002.jpeg,512,512,crop,328,431,354,463
agri_0_4002.jpeg,512,512,crop,319,349,359,383
agri_0_4002.jpeg,512,512,crop,66,14,115,129
agri_0_4002.jpeg,512,512,crop,227,33,289,96
agri_0_4002.jpeg,512,512,crop,78,266,124,315
agri_0_4002.jpeg,512,512,crop,320,137,351,194
agri_0_1693.jpeg,512,512,crop,47,10,445,384
agri_0_6040.jpeg,512,512,weed,87,118,463,336
agri_0_4540.jpeg,512,512,crop,144,127,444,333
agri_0_4540.jpeg,512,512,crop,0,184,338,478
agri_0_4484.jpeg,512,512,crop,39,66,458,447
agri_0_1140.jpeg,512,512,weed,12,90,398,391
agri_0_1140.jpeg,512,512,weed,432,18,512,184
agri_0_8682.jpeg,512,512,crop,70,36,470,454
agri_0_2786.jpeg,512,512,weed,90,151,427,355
agri_0_1530.jpeg,512,512,crop,60,83,488,430
agri_0_8105.jpeg,512,512,weed,20,144,491,488
agri_0_9489.jpeg,512,512,crop,21,82,437,460
agri_0_7788.jpeg,512,512,crop,17,146,512,447
agri_0_7788.jpeg,512,512,crop,110,0,511,253
agri_0_9030.jpeg,512,512,crop,19,94,512,417
agri_0_9872.jpeg,512,512,weed,43,140,433,512
agri_0_3603.jpeg,512,512,weed,90,56,400,379
agri_0_8008.jpeg,512,512,weed,95,36,446,387
agri_0_6097.jpeg,512,512,crop,15,5,489,477
agri_0_8094.jpeg,512,512,crop,56,35,459,452
agri_0_5592.jpeg,512,512,weed,195,90,481,412
agri_0_8493.jpeg,512,512,crop,44,49,428,446
agri_0_7878.jpeg,512,512,crop,16,29,493,484
agri_0_4985.jpeg,512,512,weed,99,164,377,357
agri_0_1815.jpeg,512,512,weed,309,389,512,510
agri_0_1815.jpeg,512,512,weed,26,81,512,384
agri_0_4394.jpeg,512,512,crop,16,43,486,461
agri_0_2997.jpeg,512,512,crop,5,36,476,450
agri_0_2997.jpeg,512,512,crop,43,259,511,512
agri_0_6346.jpeg,512,512,crop,17,53,500,351
agri_0_5641.jpeg,512,512,crop,61,23,456,458
agri_0_402.jpeg,512,512,crop,98,164,434,439
agri_0_7517.jpeg,512,512,crop,91,64,358,491
agri_0_4455.jpeg,512,512,weed,257,104,396,414
agri_0_5880.jpeg,512,512,crop,88,148,359,431
agri_0_3374.jpeg,512,512,weed,198,343,422,512
agri_0_3374.jpeg,512,512,weed,291,132,496,301
agri_0_3374.jpeg,512,512,weed,62,113,244,305
agri_0_4910.jpeg,512,512,crop,76,62,442,430
agri_0_2278.jpeg,512,512,crop,58,38,512,446
agri_0_5365.jpeg,512,512,weed,25,64,386,410
agri_0_9660.jpeg,512,512,crop,73,0,477,448
agri_0_2551.jpeg,512,512,crop,10,141,503,382
agri_0_3228.jpeg,512,512,weed,55,165,407,511
agri_0_3943.jpeg,512,512,crop,88,169,325,474
agri_0_3943.jpeg,512,512,crop,1,0,144,223
agri_0_2180.jpeg,512,512,crop,78,139,477,456
agri_0_3233.jpeg,512,512,crop,11,96,473,440
agri_0_9888.jpeg,512,512,crop,63,2,453,496
agri_0_7586.jpeg,512,512,weed,54,181,233,392
agri_0_7586.jpeg,512,512,weed,326,162,443,323
agri_0_6110.jpeg,512,512,weed,107,65,425,432
agri_0_5747.jpeg,512,512,weed,175,184,391,392
agri_0_1518.jpeg,512,512,weed,124,154,452,420
agri_0_1518.jpeg,512,512,weed,125,32,484,154
agri_0_1518.jpeg,512,512,weed,322,156,456,240
agri_0_4312.jpeg,512,512,weed,20,162,374,386
agri_0_5737.jpeg,512,512,weed,132,124,482,429
agri_0_5239.jpeg,512,512,weed,119,4,417,402
agri_0_6831.jpeg,512,512,crop,14,7,511,483
agri_0_5458.jpeg,512,512,weed,77,133,463,438
agri_0_9696.jpeg,512,512,weed,81,75,416,434
agri_0_9696.jpeg,512,512,weed,287,2,507,120
agri_0_1677.jpeg,512,512,weed,65,62,448,392
agri_0_1677.jpeg,512,512,weed,341,366,512,511
agri_0_9908.jpeg,512,512,crop,81,117,423,387
agri_0_6852.jpeg,512,512,crop,52,2,448,511
agri_0_3914.jpeg,512,512,crop,13,48,468,459
agri_0_1806.jpeg,512,512,weed,161,76,512,384
agri_0_1806.jpeg,512,512,weed,0,67,152,208
agri_0_4947.jpeg,512,512,weed,103,198,465,489
agri_0_7716.jpeg,512,512,crop,87,43,486,399
agri_0_4388.jpeg,512,512,weed,88,138,455,416
agri_0_4388.jpeg,512,512,weed,347,50,505,166
agri_0_4388.jpeg,512,512,weed,12,276,117,434
agri_0_1814.jpeg,512,512,crop,10,62,512,460
agri_0_9385.jpeg,512,512,weed,34,100,406,428
agri_0_991.jpeg,512,512,weed,31,115,444,417
agri_0_3823.jpeg,512,512,crop,105,53,438,423
agri_0_3823.jpeg,512,512,crop,2,174,175,400
agri_0_7144.jpeg,512,512,weed,36,123,492,427
agri_0_6851.jpeg,512,512,weed,39,100,432,374
agri_0_1193.jpeg,512,512,weed,95,0,455,436
agri_0_8636.jpeg,512,512,weed,44,112,418,367
agri_0_2749.jpeg,512,512,weed,71,4,458,383
agri_0_2675.jpeg,512,512,crop,2,10,424,503
agri_0_2675.jpeg,512,512,crop,240,77,489,389
agri_0_1945.jpeg,512,512,crop,120,88,452,392
agri_0_2484.jpeg,512,512,crop,86,187,124,212
agri_0_2484.jpeg,512,512,crop,216,191,249,217
agri_0_2484.jpeg,512,512,crop,340,103,378,135
agri_0_2484.jpeg,512,512,crop,64,227,112,251
agri_0_2484.jpeg,512,512,crop,318,257,387,304
agri_0_2484.jpeg,512,512,crop,402,221,451,285
agri_0_2484.jpeg,512,512,crop,442,162,482,211
agri_0_2484.jpeg,512,512,crop,402,83,442,147
agri_0_2484.jpeg,512,512,crop,246,342,311,383
agri_0_2484.jpeg,512,512,crop,268,393,335,451
agri_0_2484.jpeg,512,512,crop,432,448,499,506
agri_0_7204.jpeg,512,512,crop,58,3,456,512
agri_0_2095.jpeg,512,512,crop,23,68,503,436
agri_0_172.jpeg,512,512,weed,36,183,419,407
agri_0_4751.jpeg,512,512,crop,16,6,512,496
agri_0_9294.jpeg,512,512,crop,19,7,427,472
agri_0_879.jpeg,512,512,crop,1,4,512,486
agri_0_601.jpeg,512,512,crop,58,164,456,359
agri_0_9153.jpeg,512,512,weed,51,75,440,399
agri_0_9260.jpeg,512,512,weed,109,113,441,444
agri_0_4213.jpeg,512,512,weed,52,153,463,379
agri_0_7288.jpeg,512,512,crop,12,96,512,384
agri_0_7294.jpeg,512,512,crop,67,78,446,320
agri_0_7188.jpeg,512,512,crop,35,60,510,411
agri_0_7585.jpeg,512,512,weed,29,20,501,333
agri_0_9933.jpeg,512,512,crop,48,102,498,393
agri_0_4383.jpeg,512,512,crop,245,144,293,204
agri_0_4383.jpeg,512,512,crop,90,156,151,254
agri_0_4383.jpeg,512,512,crop,351,193,411,250
agri_0_4383.jpeg,512,512,crop,292,16,352,113
agri_0_4383.jpeg,512,512,crop,197,262,245,312
agri_0_4383.jpeg,512,512,crop,259,314,320,391
agri_0_4383.jpeg,512,512,crop,146,352,188,395
agri_0_4383.jpeg,512,512,crop,392,32,453,122
agri_0_4383.jpeg,512,512,crop,384,156,433,203
agri_0_6.jpeg,512,512,weed,37,30,483,471
agri_0_8157.jpeg,512,512,crop,30,84,440,510
agri_0_5873.jpeg,512,512,weed,18,11,511,344
agri_0_7669.jpeg,512,512,weed,211,104,458,417
agri_0_7162.jpeg,512,512,weed,94,139,430,361
agri_0_6724.jpeg,512,512,weed,165,142,344,399
agri_0_3226.jpeg,512,512,crop,143,168,383,389
agri_0_6899.jpeg,512,512,weed,138,236,264,399
agri_0_8583.jpeg,512,512,crop,81,147,425,400
agri_0_3100.jpeg,512,512,weed,59,40,449,475
agri_0_4557.jpeg,512,512,weed,144,96,330,472
agri_0_3797.jpeg,512,512,weed,4,116,343,408
agri_0_3797.jpeg,512,512,weed,371,382,510,512
agri_0_3797.jpeg,512,512,weed,320,64,512,216
agri_0_8905.jpeg,512,512,weed,56,107,161,250
agri_0_8905.jpeg,512,512,weed,267,187,356,330
agri_0_3983.jpeg,512,512,crop,28,104,478,401
agri_0_6353.jpeg,512,512,crop,22,60,475,382
agri_0_6353.jpeg,512,512,crop,8,198,222,484
agri_0_5512.jpeg,512,512,crop,199,32,511,408
agri_0_5512.jpeg,512,512,crop,1,60,393,439
agri_0_3143.jpeg,512,512,weed,132,156,420,346
agri_0_1018.jpeg,512,512,weed,20,84,434,409
agri_0_3077.jpeg,512,512,weed,76,92,418,432
agri_0_657.jpeg,512,512,crop,98,57,420,368
agri_0_657.jpeg,512,512,crop,84,331,374,509
agri_0_657.jpeg,512,512,crop,383,169,510,431
agri_0_657.jpeg,512,512,crop,0,36,121,476
agri_0_2861.jpeg,512,512,weed,192,94,422,444
agri_0_2450.jpeg,512,512,weed,84,62,477,456
agri_0_4903.jpeg,512,512,weed,1,97,402,512
agri_0_7459.jpeg,512,512,weed,60,80,387,371
agri_0_151.jpeg,512,512,weed,181,195,278,352
agri_0_151.jpeg,512,512,weed,372,111,503,258
agri_0_3993.jpeg,512,512,crop,49,90,432,417
agri_0_1166.jpeg,512,512,weed,53,110,480,429
agri_0_6518.jpeg,512,512,crop,1,51,512,382
agri_0_6518.jpeg,512,512,crop,146,256,498,512
agri_0_3573.jpeg,512,512,weed,129,62,376,396
agri_0_2522.jpeg,512,512,weed,142,137,426,317
agri_0_9891.jpeg,512,512,crop,32,67,505,476
agri_0_456.jpeg,512,512,crop,97,89,369,384
agri_0_5521.jpeg,512,512,crop,7,58,508,393
agri_0_7629.jpeg,512,512,crop,22,61,488,352
agri_0_9796.jpeg,512,512,crop,44,19,369,507
agri_0_3748.jpeg,512,512,crop,58,18,452,506
agri_0_3778.jpeg,512,512,crop,191,186,381,408
agri_0_4635.jpeg,512,512,weed,190,74,419,428
agri_0_6339.jpeg,512,512,weed,8,15,492,485
agri_0_5039.jpeg,512,512,weed,144,194,253,314
agri_0_5039.jpeg,512,512,weed,351,257,473,389
agri_0_3756.jpeg,512,512,weed,19,127,500,439
agri_0_4028.jpeg,512,512,weed,11,30,496,496
agri_0_6258.jpeg,512,512,weed,109,132,415,373
agri_0_6258.jpeg,512,512,weed,327,413,415,509
agri_0_8044.jpeg,512,512,crop,258,124,323,197
agri_0_8044.jpeg,512,512,crop,201,204,250,246
agri_0_8044.jpeg,512,512,crop,143,115,189,171
agri_0_8044.jpeg,512,512,crop,94,250,151,356
agri_0_8044.jpeg,512,512,crop,244,285,324,379
agri_0_8044.jpeg,512,512,crop,282,225,343,343
agri_0_8044.jpeg,512,512,crop,353,271,444,354
agri_0_8044.jpeg,512,512,crop,288,393,362,492
agri_0_8044.jpeg,512,512,crop,388,387,460,481
agri_0_6407.jpeg,512,512,crop,0,21,502,485
agri_0_8297.jpeg,512,512,weed,131,59,370,380
agri_0_7613.jpeg,512,512,crop,26,4,490,511
agri_0_1095.jpeg,512,512,weed,120,103,382,424
agri_0_744.jpeg,512,512,crop,30,52,460,453
agri_0_2582.jpeg,512,512,crop,21,54,488,460
agri_0_3057.jpeg,512,512,weed,101,41,476,353
agri_0_629.jpeg,512,512,weed,192,150,381,304
agri_0_6498.jpeg,512,512,weed,37,97,435,359
agri_0_7868.jpeg,512,512,weed,138,241,512,506
agri_0_9845.jpeg,512,512,crop,49,117,512,462
agri_0_9043.jpeg,512,512,weed,144,142,398,349
agri_0_9424.jpeg,512,512,crop,234,72,496,365
agri_0_9424.jpeg,512,512,crop,8,154,261,385
agri_0_5593.jpeg,512,512,weed,123,166,381,388
agri_0_9404.jpeg,512,512,crop,85,48,332,347
agri_0_9404.jpeg,512,512,crop,0,268,139,505
agri_0_8991.jpeg,512,512,crop,67,81,113,140
agri_0_8991.jpeg,512,512,crop,33,160,72,203
agri_0_8991.jpeg,512,512,crop,57,231,115,287
agri_0_8991.jpeg,512,512,crop,120,264,194,312
agri_0_8991.jpeg,512,512,crop,252,188,296,222
agri_0_8991.jpeg,512,512,crop,210,335,271,386
agri_0_8991.jpeg,512,512,crop,170,392,251,452
agri_0_8991.jpeg,512,512,crop,381,176,427,218
agri_0_8991.jpeg,512,512,crop,308,265,342,296
agri_0_8991.jpeg,512,512,crop,415,332,447,364
agri_0_8991.jpeg,512,512,crop,13,447,86,507
agri_0_8991.jpeg,512,512,crop,132,104,167,132
agri_0_8991.jpeg,512,512,crop,400,223,441,255
agri_0_5784.jpeg,512,512,crop,97,77,391,473
agri_0_8747.jpeg,512,512,weed,67,80,469,432
agri_0_3592.jpeg,512,512,weed,125,144,356,350
agri_0_8183.jpeg,512,512,crop,73,37,476,463
agri_0_9617.jpeg,512,512,crop,38,169,480,438
agri_0_4675.jpeg,512,512,crop,20,188,430,511
agri_0_4675.jpeg,512,512,crop,103,27,427,317
agri_0_8752.jpeg,512,512,crop,61,67,503,301
agri_0_2951.jpeg,512,512,weed,65,64,512,460
agri_0_1314.jpeg,512,512,crop,32,75,472,511
agri_0_787.jpeg,512,512,crop,49,2,474,484
agri_0_5587.jpeg,512,512,weed,167,212,312,356
agri_0_5587.jpeg,512,512,weed,10,23,208,214
agri_0_3346.jpeg,512,512,weed,37,135,463,378
agri_0_8265.jpeg,512,512,crop,19,87,512,486
agri_0_9381.jpeg,512,512,crop,13,47,500,412
agri_0_6119.jpeg,512,512,weed,244,68,390,287
agri_0_6675.jpeg,512,512,weed,63,48,413,337
agri_0_3398.jpeg,512,512,weed,36,79,419,469
agri_0_2332.jpeg,512,512,crop,27,34,489,404
agri_0_5450.jpeg,512,512,weed,143,157,509,416
agri_0_3378.jpeg,512,512,crop,16,8,397,399
agri_0_3378.jpeg,512,512,crop,237,209,508,512
agri_0_4436.jpeg,512,512,weed,11,71,442,442
agri_0_4019.jpeg,512,512,weed,96,140,414,366
agri_0_4519.jpeg,512,512,crop,38,27,493,493
agri_0_4665.jpeg,512,512,weed,120,169,488,399
agri_0_899.jpeg,512,512,weed,243,32,460,257
agri_0_899.jpeg,512,512,weed,1,50,120,255
agri_0_899.jpeg,512,512,weed,414,257,512,426
agri_0_899.jpeg,512,512,weed,314,456,385,507
agri_0_6803.jpeg,512,512,weed,192,212,312,326
agri_0_4222.jpeg,512,512,weed,203,130,459,385
agri_0_3992.jpeg,512,512,weed,88,132,448,392
agri_0_4718.jpeg,512,512,crop,92,95,380,437
agri_0_8168.jpeg,512,512,weed,182,172,319,316
agri_0_8168.jpeg,512,512,weed,37,330,228,496
agri_0_1017.jpeg,512,512,weed,8,4,500,390
agri_0_131.jpeg,512,512,crop,0,16,511,502
agri_0_1788.jpeg,512,512,weed,0,5,168,128
agri_0_1788.jpeg,512,512,weed,34,124,500,453
agri_0_4393.jpeg,512,512,weed,64,103,403,359
agri_0_1873.jpeg,512,512,crop,59,79,493,428
agri_0_9532.jpeg,512,512,weed,127,109,411,299
agri_0_3283.jpeg,512,512,crop,32,25,466,479
agri_0_4617.jpeg,512,512,weed,49,30,404,360
agri_0_4033.jpeg,512,512,crop,11,15,488,485
agri_0_7865.jpeg,512,512,weed,89,138,432,488
agri_0_8733.jpeg,512,512,weed,157,148,464,437
agri_0_6858.jpeg,512,512,crop,76,104,398,344
agri_0_6858.jpeg,512,512,crop,0,320,429,496
agri_0_8599.jpeg,512,512,crop,5,19,492,507
agri_0_6750.jpeg,512,512,weed,66,142,472,456
agri_0_2653.jpeg,512,512,weed,62,144,413,442
agri_0_7285.jpeg,512,512,weed,148,137,445,435
agri_0_9850.jpeg,512,512,weed,33,0,432,376
agri_0_1590.jpeg,512,512,weed,237,255,444,485
agri_0_1590.jpeg,512,512,weed,429,89,510,252
agri_0_1590.jpeg,512,512,weed,7,280,113,441
agri_0_1590.jpeg,512,512,weed,97,167,261,270
agri_0_9127.jpeg,512,512,crop,11,69,488,467
agri_0_4068.jpeg,512,512,weed,36,74,380,408
agri_0_6735.jpeg,512,512,weed,263,244,440,486
agri_0_6735.jpeg,512,512,weed,405,68,511,260
agri_0_6735.jpeg,512,512,weed,14,265,125,486
agri_0_1564.jpeg,512,512,crop,1,19,496,512
agri_0_7284.jpeg,512,512,crop,38,44,493,511
agri_0_8482.jpeg,512,512,crop,26,79,428,464
agri_0_2547.jpeg,512,512,weed,131,112,320,371
agri_0_789.jpeg,512,512,crop,0,1,504,496
agri_0_909.jpeg,512,512,weed,138,154,324,314
agri_0_1960.jpeg,512,512,crop,83,30,466,415
agri_0_4107.jpeg,512,512,weed,111,139,332,435
agri_0_2735.jpeg,512,512,crop,69,44,460,462
agri_0_2735.jpeg,512,512,crop,337,237,512,486
agri_0_3276.jpeg,512,512,crop,42,28,360,500
agri_0_7357.jpeg,512,512,crop,143,74,421,352
agri_0_249.jpeg,512,512,crop,44,127,405,434
agri_0_377.jpeg,512,512,weed,0,89,159,282
agri_0_377.jpeg,512,512,weed,216,190,395,352
agri_0_376.jpeg,512,512,crop,59,47,472,466
agri_0_376.jpeg,512,512,crop,345,23,511,260
agri_0_7550.jpeg,512,512,weed,114,158,436,392
agri_0_5597.jpeg,512,512,weed,287,162,454,409
agri_0_5597.jpeg,512,512,weed,37,156,231,320
agri_0_5591.jpeg,512,512,weed,120,111,483,441
agri_0_4034.jpeg,512,512,crop,133,60,511,484
agri_0_4955.jpeg,512,512,crop,90,161,428,432
agri_0_7939.jpeg,512,512,weed,12,192,402,499
agri_0_3247.jpeg,512,512,crop,81,40,465,331
agri_0_3247.jpeg,512,512,crop,208,315,333,402
agri_0_6707.jpeg,512,512,crop,1,68,512,402
agri_0_3088.jpeg,512,512,crop,109,90,453,512
agri_0_1961.jpeg,512,512,weed,72,137,428,443
agri_0_6055.jpeg,512,512,crop,20,1,510,466
agri_0_1192.jpeg,512,512,weed,276,221,509,510
agri_0_1192.jpeg,512,512,weed,86,32,260,244
agri_0_1888.jpeg,512,512,crop,75,44,493,510
agri_0_9010.jpeg,512,512,weed,78,59,468,505
agri_0_7901.jpeg,512,512,weed,99,167,441,404
agri_0_8881.jpeg,512,512,crop,63,132,469,365
agri_0_2370.jpeg,512,512,weed,78,74,467,442
agri_0_5686.jpeg,512,512,weed,118,196,400,404
agri_0_5686.jpeg,512,512,weed,176,39,470,224
agri_0_1119.jpeg,512,512,crop,5,1,495,503
agri_0_4125.jpeg,512,512,crop,44,64,490,397
agri_0_6765.jpeg,512,512,weed,77,152,469,416
agri_0_6776.jpeg,512,512,crop,118,58,412,418
agri_0_2876.jpeg,512,512,weed,99,143,458,470
agri_0_4216.jpeg,512,512,crop,91,55,362,471
agri_0_4216.jpeg,512,512,crop,403,37,512,358
agri_0_2873.jpeg,512,512,crop,56,27,450,467
agri_0_5178.jpeg,512,512,crop,0,1,507,512
agri_0_9527.jpeg,512,512,weed,63,56,487,480
agri_0_5184.jpeg,512,512,weed,172,170,394,402
agri_0_2326.jpeg,512,512,weed,36,0,502,413
agri_0_5818.jpeg,512,512,crop,0,30,281,397
agri_0_5818.jpeg,512,512,crop,200,22,512,423
agri_0_1908.jpeg,512,512,weed,131,108,430,416
agri_0_4085.jpeg,512,512,weed,70,80,479,512
agri_0_4936.jpeg,512,512,crop,101,252,151,297
agri_0_4936.jpeg,512,512,crop,265,212,297,249
agri_0_4936.jpeg,512,512,crop,298,180,344,234
agri_0_4936.jpeg,512,512,crop,282,382,316,435
agri_0_4936.jpeg,512,512,crop,354,68,418,116
agri_0_4936.jpeg,512,512,crop,420,162,453,250
agri_0_4936.jpeg,512,512,crop,417,270,468,323
agri_0_4936.jpeg,512,512,crop,341,440,400,496
agri_0_4936.jpeg,512,512,crop,173,31,214,70
agri_0_4936.jpeg,512,512,crop,6,3,57,37
agri_0_7534.jpeg,512,512,weed,79,335,311,501
agri_0_7534.jpeg,512,512,weed,31,120,283,313
agri_0_7534.jpeg,512,512,weed,316,99,466,387
agri_0_4235.jpeg,512,512,crop,268,100,512,367
agri_0_4235.jpeg,512,512,crop,1,92,308,407
agri_0_6547.jpeg,512,512,crop,74,121,512,447
agri_0_6547.jpeg,512,512,crop,0,0,244,191
agri_0_8780.jpeg,512,512,crop,27,58,457,400
agri_0_1731.jpeg,512,512,weed,89,146,467,404
agri_0_1859.jpeg,512,512,crop,26,63,510,473
agri_0_2530.jpeg,512,512,weed,23,35,495,456
agri_0_8023.jpeg,512,512,weed,119,70,415,395
agri_0_9406.jpeg,512,512,weed,50,48,396,346
agri_0_4209.jpeg,512,512,crop,18,43,499,461
agri_0_3008.jpeg,512,512,crop,8,68,502,404
agri_0_8085.jpeg,512,512,crop,81,122,446,419
agri_0_1214.jpeg,512,512,crop,3,49,484,400
agri_0_1926.jpeg,512,512,crop,1,0,512,486
agri_0_7989.jpeg,512,512,crop,283,23,499,308
agri_0_9403.jpeg,512,512,weed,77,141,445,380
agri_0_7963.jpeg,512,512,crop,238,110,511,406
agri_0_7963.jpeg,512,512,crop,10,88,238,373
agri_0_3679.jpeg,512,512,weed,116,125,406,373
agri_0_9488.jpeg,512,512,crop,14,1,477,512
agri_0_8689.jpeg,512,512,crop,49,50,473,456
agri_0_8126.jpeg,512,512,weed,119,114,395,393
agri_0_980.jpeg,512,512,crop,0,11,498,504
agri_0_5336.jpeg,512,512,crop,44,102,512,463
agri_0_1210.jpeg,512,512,weed,15,3,443,478
agri_0_8956.jpeg,512,512,crop,137,83,387,363
agri_0_5435.jpeg,512,512,crop,46,69,397,511
agri_0_5435.jpeg,512,512,crop,0,279,253,512
agri_0_1570.jpeg,512,512,weed,76,42,462,426
agri_0_1610.jpeg,512,512,weed,9,12,470,481
agri_0_495.jpeg,512,512,crop,423,205,490,276
agri_0_495.jpeg,512,512,crop,359,446,415,512
agri_0_495.jpeg,512,512,crop,436,451,498,512
agri_0_495.jpeg,512,512,crop,218,197,248,236
agri_0_495.jpeg,512,512,crop,237,18,292,72
agri_0_495.jpeg,512,512,crop,198,126,244,172
agri_0_495.jpeg,512,512,crop,368,140,396,172
agri_0_495.jpeg,512,512,crop,195,464,224,488
agri_0_495.jpeg,512,512,crop,253,188,296,232
agri_0_495.jpeg,512,512,crop,219,236,244,260
agri_0_6891.jpeg,512,512,weed,98,86,463,360
agri_0_9161.jpeg,512,512,weed,107,119,409,398
agri_0_614.jpeg,512,512,weed,35,29,488,479
agri_0_1221.jpeg,512,512,crop,144,179,330,377
agri_0_2407.jpeg,512,512,crop,30,26,487,464
agri_0_2550.jpeg,512,512,crop,27,115,364,420
agri_0_2550.jpeg,512,512,crop,220,20,469,165
agri_0_2550.jpeg,512,512,crop,355,87,512,448
agri_0_864.jpeg,512,512,crop,40,3,489,407
agri_0_4685.jpeg,512,512,weed,46,52,407,378
agri_0_3290.jpeg,512,512,crop,15,19,453,474
agri_0_4892.jpeg,512,512,crop,40,178,490,451
agri_0_3971.jpeg,512,512,crop,39,1,475,512
agri_0_5935.jpeg,512,512,weed,31,58,441,396
agri_0_9843.jpeg,512,512,crop,45,37,413,380
agri_0_583.jpeg,512,512,crop,2,2,464,511
agri_0_2644.jpeg,512,512,crop,4,30,408,416
agri_0_2644.jpeg,512,512,crop,260,252,467,512
agri_0_8913.jpeg,512,512,weed,22,31,399,366
agri_0_3985.jpeg,512,512,weed,140,170,405,378
agri_0_4240.jpeg,512,512,weed,145,119,512,413
agri_0_5711.jpeg,512,512,weed,38,178,363,372
agri_0_5711.jpeg,512,512,weed,369,200,512,308
agri_0_5711.jpeg,512,512,weed,382,323,511,421
agri_0_5711.jpeg,512,512,weed,253,383,375,505
agri_0_9698.jpeg,512,512,crop,35,130,430,346
agri_0_9698.jpeg,512,512,crop,11,348,301,511
agri_0_2441.jpeg,512,512,crop,17,3,512,510
agri_0_4365.jpeg,512,512,crop,100,39,486,511
agri_0_6152.jpeg,512,512,crop,71,19,477,498
agri_0_9183.jpeg,512,512,weed,148,150,390,379
agri_0_5282.jpeg,512,512,weed,167,208,323,339
agri_0_5282.jpeg,512,512,weed,5,27,191,184
agri_0_8121.jpeg,512,512,crop,52,92,504,511
agri_0_4167.jpeg,512,512,crop,26,123,426,459
agri_0_9297.jpeg,512,512,crop,4,46,510,382
agri_0_9297.jpeg,512,512,crop,23,245,406,512
agri_0_5147.jpeg,512,512,crop,13,3,379,350
agri_0_5147.jpeg,512,512,crop,140,170,510,512
agri_0_5834.jpeg,512,512,crop,75,77,429,447
agri_0_7158.jpeg,512,512,crop,69,63,462,487
agri_0_5634.jpeg,512,512,crop,20,19,501,498
agri_0_8741.jpeg,512,512,crop,32,112,445,430
agri_0_6011.jpeg,512,512,crop,39,115,414,430
agri_0_3509.jpeg,512,512,crop,30,119,506,495
agri_0_114.jpeg,512,512,crop,56,60,512,476
agri_0_3231.jpeg,512,512,weed,12,112,425,378
agri_0_9916.jpeg,512,512,weed,169,122,329,282
agri_0_9916.jpeg,512,512,weed,351,222,463,373
agri_0_9874.jpeg,512,512,crop,17,19,512,506
agri_0_5361.jpeg,512,512,crop,148,223,325,377
agri_0_5361.jpeg,512,512,crop,355,159,512,405
agri_0_5361.jpeg,512,512,crop,286,0,501,77
agri_0_5361.jpeg,512,512,crop,0,1,136,64
agri_0_4659.jpeg,512,512,weed,26,92,499,404
agri_0_8322.jpeg,512,512,weed,147,112,485,340
agri_0_9498.jpeg,512,512,crop,27,5,507,488
agri_0_1320.jpeg,512,512,weed,73,163,424,407
agri_0_8794.jpeg,512,512,crop,20,201,498,442
agri_0_4164.jpeg,512,512,weed,204,121,456,370
agri_0_600.jpeg,512,512,crop,0,44,409,511
agri_0_2533.jpeg,512,512,crop,149,101,191,147
agri_0_2533.jpeg,512,512,crop,254,110,325,183
agri_0_2533.jpeg,512,512,crop,89,236,143,277
agri_0_2533.jpeg,512,512,crop,103,301,156,335
agri_0_2533.jpeg,512,512,crop,283,207,340,274
agri_0_2533.jpeg,512,512,crop,355,248,437,334
agri_0_2533.jpeg,512,512,crop,290,373,361,476
agri_0_2533.jpeg,512,512,crop,389,423,456,452
agri_0_2533.jpeg,512,512,crop,392,374,432,408
agri_0_2533.jpeg,512,512,crop,203,184,253,235
agri_0_6411.jpeg,512,512,weed,129,108,400,318
agri_0_6411.jpeg,512,512,weed,334,271,458,397
agri_0_561.jpeg,512,512,crop,178,108,392,252
agri_0_2495.jpeg,512,512,weed,126,104,421,305
agri_0_8863.jpeg,512,512,crop,44,37,436,499
agri_0_9179.jpeg,512,512,weed,22,90,456,496
agri_0_6292.jpeg,512,512,weed,15,16,484,361
agri_0_1722.jpeg,512,512,crop,23,16,491,382
agri_0_1810.jpeg,512,512,crop,103,45,494,471
agri_0_6286.jpeg,512,512,crop,151,63,176,121
agri_0_6286.jpeg,512,512,crop,78,99,112,137
agri_0_6286.jpeg,512,512,crop,262,32,326,114
agri_0_6286.jpeg,512,512,crop,360,60,395,87
agri_0_6286.jpeg,512,512,crop,351,108,400,165
agri_0_6286.jpeg,512,512,crop,201,97,226,128
agri_0_6286.jpeg,512,512,crop,250,360,313,418
agri_0_6286.jpeg,512,512,crop,155,316,214,395
agri_0_6286.jpeg,512,512,crop,105,402,189,480
agri_0_6286.jpeg,512,512,crop,364,455,410,484
agri_0_6286.jpeg,512,512,crop,124,10,175,33
agri_0_3842.jpeg,512,512,weed,147,147,414,277
agri_0_6783.jpeg,512,512,weed,70,71,430,493
agri_0_7637.jpeg,512,512,weed,109,115,400,405
agri_0_8926.jpeg,512,512,weed,127,128,409,276
agri_0_2121.jpeg,512,512,crop,2,6,504,437
agri_0_9712.jpeg,512,512,crop,28,111,476,446
agri_0_8108.jpeg,512,512,weed,84,153,425,372
agri_0_1784.jpeg,512,512,weed,136,91,437,361
agri_0_2204.jpeg,512,512,weed,8,1,493,475
agri_0_1941.jpeg,512,512,weed,128,119,433,394
agri_0_4944.jpeg,512,512,weed,151,96,323,481
agri_0_3860.jpeg,512,512,weed,218,203,512,399
agri_0_3860.jpeg,512,512,weed,156,5,510,191
agri_0_3860.jpeg,512,512,weed,33,186,202,512
agri_0_5794.jpeg,512,512,crop,5,139,484,429
agri_0_5794.jpeg,512,512,crop,288,60,413,131
agri_0_5794.jpeg,512,512,crop,0,3,125,117
agri_0_5216.jpeg,512,512,weed,128,53,376,416
agri_0_6440.jpeg,512,512,crop,20,57,434,354
agri_0_6440.jpeg,512,512,crop,154,292,512,500
agri_0_7579.jpeg,512,512,crop,15,111,511,384
agri_0_6778.jpeg,512,512,weed,18,65,443,512
agri_0_9563.jpeg,512,512,crop,16,17,481,492
agri_0_7470.jpeg,512,512,crop,34,169,473,426
agri_0_4984.jpeg,512,512,weed,137,99,408,384
agri_0_2915.jpeg,512,512,crop,91,34,495,303
agri_0_2915.jpeg,512,512,crop,114,276,484,466
agri_0_5017.jpeg,512,512,crop,92,184,405,462
agri_0_5017.jpeg,512,512,crop,174,80,476,259
agri_0_5017.jpeg,512,512,crop,0,1,185,151
agri_0_7942.jpeg,512,512,weed,233,172,332,321
agri_0_7942.jpeg,512,512,weed,3,245,145,430
agri_0_8518.jpeg,512,512,weed,147,111,436,346
agri_0_4811.jpeg,512,512,weed,114,147,456,472
agri_0_5243.jpeg,512,512,weed,113,187,382,402
agri_0_5243.jpeg,512,512,weed,28,35,356,213
agri_0_2442.jpeg,512,512,crop,35,8,512,484
agri_0_301.jpeg,512,512,crop,17,104,512,435
agri_0_301.jpeg,512,512,crop,0,2,166,104
agri_0_9562.jpeg,512,512,crop,211,192,296,254
agri_0_9562.jpeg,512,512,crop,197,122,248,170
agri_0_9562.jpeg,512,512,crop,419,196,501,292
agri_0_9562.jpeg,512,512,crop,361,127,406,185
agri_0_9562.jpeg,512,512,crop,236,11,300,77
agri_0_9562.jpeg,512,512,crop,363,449,408,496
agri_0_9873.jpeg,512,512,weed,172,127,404,300
agri_0_9485.jpeg,512,512,weed,106,136,443,436
agri_0_757.jpeg,512,512,weed,213,206,316,308
agri_0_9047.jpeg,512,512,crop,25,105,481,371
agri_0_9047.jpeg,512,512,crop,60,313,333,511
agri_0_1260.jpeg,512,512,crop,21,72,476,404
agri_0_1260.jpeg,512,512,crop,331,408,492,512
agri_0_7779.jpeg,512,512,crop,311,118,353,156
agri_0_7779.jpeg,512,512,crop,358,111,389,145
agri_0_7779.jpeg,512,512,crop,336,53,384,84
agri_0_7779.jpeg,512,512,crop,140,89,181,115
agri_0_7779.jpeg,512,512,crop,12,136,127,292
agri_0_7779.jpeg,512,512,crop,5,371,67,485
agri_0_7779.jpeg,512,512,crop,137,366,192,472
agri_0_7779.jpeg,512,512,crop,195,280,302,344
agri_0_7779.jpeg,512,512,crop,400,290,476,388
agri_0_7779.jpeg,512,512,crop,348,220,382,262
agri_0_7779.jpeg,512,512,crop,353,458,408,507
agri_0_7573.jpeg,512,512,crop,42,114,457,435
agri_0_1852.jpeg,512,512,crop,178,233,234,326
agri_0_1852.jpeg,512,512,crop,77,381,140,475
agri_0_1852.jpeg,512,512,crop,63,22,114,72
agri_0_1852.jpeg,512,512,crop,65,81,113,113
agri_0_1852.jpeg,512,512,crop,230,58,269,91
agri_0_1852.jpeg,512,512,crop,323,142,352,184
agri_0_1852.jpeg,512,512,crop,459,232,506,368
agri_0_1852.jpeg,512,512,crop,386,350,419,390
agri_0_1852.jpeg,512,512,crop,433,404,474,441
agri_0_1852.jpeg,512,512,crop,327,353,358,384
agri_0_1852.jpeg,512,512,crop,77,264,123,313
agri_0_1852.jpeg,512,512,crop,378,25,416,70
agri_0_1852.jpeg,512,512,crop,452,140,485,166
agri_0_1852.jpeg,512,512,weed,448,3,512,74
agri_0_5953.jpeg,512,512,weed,101,105,492,361
agri_0_9435.jpeg,512,512,weed,37,124,508,438
agri_0_584.jpeg,512,512,weed,174,166,408,407
agri_0_3414.jpeg,512,512,crop,44,10,469,512
agri_0_3439.jpeg,512,512,crop,260,185,308,232
agri_0_3439.jpeg,512,512,crop,191,107,254,173
agri_0_3439.jpeg,512,512,crop,324,98,358,143
agri_0_3439.jpeg,512,512,crop,376,238,411,278
agri_0_3439.jpeg,512,512,crop,359,301,403,331
agri_0_3439.jpeg,512,512,crop,219,293,259,348
agri_0_3439.jpeg,512,512,crop,173,235,213,301
agri_0_3439.jpeg,512,512,crop,78,244,158,334
agri_0_3439.jpeg,512,512,crop,151,376,218,474
agri_0_3439.jpeg,512,512,crop,55,415,119,455
agri_0_3439.jpeg,512,512,crop,80,369,119,403
agri_0_5706.jpeg,512,512,weed,199,176,337,316
agri_0_5706.jpeg,512,512,weed,305,337,512,506
agri_0_9088.jpeg,512,512,weed,91,104,422,361
agri_0_975.jpeg,512,512,weed,252,191,376,329
agri_0_975.jpeg,512,512,weed,48,255,176,406
agri_0_6276.jpeg,512,512,crop,116,2,492,511
agri_0_9523.jpeg,512,512,crop,1,17,512,512
agri_0_8267.jpeg,512,512,weed,298,99,450,343
agri_0_8267.jpeg,512,512,weed,71,194,181,356
agri_0_5932.jpeg,512,512,crop,12,32,408,489
agri_0_60.jpeg,512,512,crop,31,16,501,436
agri_0_6100.jpeg,512,512,crop,10,68,468,484
agri_0_2221.jpeg,512,512,crop,36,74,456,428
agri_0_6013.jpeg,512,512,weed,4,60,452,460
agri_0_2863.jpeg,512,512,weed,52,22,275,263
agri_0_2863.jpeg,512,512,weed,387,56,504,270
agri_0_607.jpeg,512,512,weed,56,126,458,364
agri_0_6447.jpeg,512,512,crop,14,80,500,404
agri_0_9398.jpeg,512,512,crop,65,190,449,428
agri_0_4265.jpeg,512,512,weed,114,137,460,464
agri_0_4064.jpeg,512,512,weed,28,34,444,447
agri_0_39.jpeg,512,512,weed,199,123,383,322
agri_0_39.jpeg,512,512,weed,1,460,100,512
agri_0_631.jpeg,512,512,crop,90,120,492,469
agri_0_8797.jpeg,512,512,weed,55,102,422,365
agri_0_5266.jpeg,512,512,weed,68,84,460,426
agri_0_81.jpeg,512,512,crop,26,140,425,325
agri_0_6469.jpeg,512,512,weed,88,131,424,408
agri_0_4237.jpeg,512,512,crop,14,7,512,506
agri_0_2854.jpeg,512,512,crop,71,2,472,452
agri_0_6690.jpeg,512,512,weed,99,146,405,396
agri_0_8595.jpeg,512,512,weed,100,157,445,439
agri_0_318.jpeg,512,512,crop,0,112,294,391
agri_0_318.jpeg,512,512,crop,275,137,512,409
agri_0_6907.jpeg,512,512,crop,105,29,488,408
agri_0_8935.jpeg,512,512,crop,104,154,149,202
agri_0_8935.jpeg,512,512,crop,88,219,133,252
agri_0_8935.jpeg,512,512,crop,199,261,252,312
agri_0_8935.jpeg,512,512,crop,248,148,290,204
agri_0_8935.jpeg,512,512,crop,288,223,338,290
agri_0_8935.jpeg,512,512,crop,258,310,332,404
agri_0_8935.jpeg,512,512,crop,355,161,441,263
agri_0_8935.jpeg,512,512,crop,292,24,359,114
agri_0_8935.jpeg,512,512,crop,391,24,454,72
agri_0_8935.jpeg,512,512,crop,386,90,438,119
agri_0_8935.jpeg,512,512,crop,144,346,193,402
agri_0_8866.jpeg,512,512,weed,8,58,450,464
agri_0_4789.jpeg,512,512,weed,101,136,428,370
agri_0_2769.jpeg,512,512,weed,37,119,464,375
agri_0_3075.jpeg,512,512,crop,30,23,485,512
agri_0_2606.jpeg,512,512,weed,234,237,396,438
agri_0_2471.jpeg,512,512,crop,19,15,485,464
agri_0_5961.jpeg,512,512,crop,99,3,496,512
agri_0_2639.jpeg,512,512,crop,18,88,489,377
agri_0_4846.jpeg,512,512,weed,91,24,452,360
agri_0_4479.jpeg,512,512,crop,38,141,489,384
agri_0_6713.jpeg,512,512,weed,94,164,474,405
agri_0_6713.jpeg,512,512,weed,353,48,512,154
agri_0_5169.jpeg,512,512,weed,156,103,408,317
agri_0_5169.jpeg,512,512,weed,1,3,156,492
agri_0_3669.jpeg,512,512,weed,44,105,504,367
agri_0_7734.jpeg,512,512,crop,18,141,475,459
agri_0_7734.jpeg,512,512,crop,350,0,512,111
agri_0_7489.jpeg,512,512,crop,123,72,409,466
agri_0_4013.jpeg,512,512,weed,23,176,488,493
agri_0_5939.jpeg,512,512,crop,46,70,430,411
agri_0_2686.jpeg,512,512,crop,74,126,455,396
agri_0_2812.jpeg,512,512,weed,8,112,512,461
agri_0_3260.jpeg,512,512,crop,35,117,420,336
agri_0_7156.jpeg,512,512,weed,38,53,484,419
agri_0_3535.jpeg,512,512,weed,94,134,310,437
agri_0_7358.jpeg,512,512,weed,95,100,498,379
agri_0_7813.jpeg,512,512,weed,64,113,496,372
agri_0_1463.jpeg,512,512,crop,92,12,466,472
agri_0_7370.jpeg,512,512,crop,93,132,429,385
agri_0_4214.jpeg,512,512,crop,156,191,324,377
agri_0_4214.jpeg,512,512,crop,0,2,104,280
agri_0_4214.jpeg,512,512,crop,86,2,500,111
agri_0_2835.jpeg,512,512,crop,264,31,351,99
agri_0_2835.jpeg,512,512,crop,433,31,512,89
agri_0_2835.jpeg,512,512,crop,292,157,339,199
agri_0_2835.jpeg,512,512,crop,141,136,175,176
agri_0_2835.jpeg,512,512,crop,145,218,176,240
agri_0_2835.jpeg,512,512,crop,274,242,306,282
agri_0_2835.jpeg,512,512,crop,365,303,436,375
agri_0_2835.jpeg,512,512,crop,380,396,440,481
agri_0_2835.jpeg,512,512,crop,297,404,330,436
agri_0_2835.jpeg,512,512,crop,31,292,71,325
agri_0_2835.jpeg,512,512,crop,365,231,395,261
agri_0_935.jpeg,512,512,crop,30,43,512,404
agri_0_6126.jpeg,512,512,crop,20,11,509,467
agri_0_9773.jpeg,512,512,weed,128,160,463,466
agri_0_270.jpeg,512,512,weed,54,124,405,476
agri_0_5808.jpeg,512,512,crop,188,43,414,450
agri_0_8516.jpeg,512,512,weed,26,174,380,398
agri_0_2681.jpeg,512,512,crop,39,195,394,420
agri_0_3680.jpeg,512,512,weed,66,17,451,336
agri_0_3388.jpeg,512,512,weed,104,149,416,389
agri_0_8140.jpeg,512,512,weed,90,144,395,373
agri_0_4729.jpeg,512,512,weed,60,107,344,392
agri_0_7658.jpeg,512,512,weed,53,264,260,489
agri_0_7658.jpeg,512,512,weed,389,265,512,463
agri_0_7658.jpeg,512,512,weed,0,84,77,253
agri_0_6520.jpeg,512,512,crop,48,3,442,512
agri_0_3442.jpeg,512,512,weed,261,184,358,329
agri_0_3442.jpeg,512,512,weed,50,98,164,265
agri_0_9468.jpeg,512,512,weed,59,116,331,422
agri_0_3116.jpeg,512,512,weed,42,180,416,398
agri_0_840.jpeg,512,512,crop,0,2,482,483
agri_0_3858.jpeg,512,512,weed,99,157,400,376
agri_0_9299.jpeg,512,512,crop,23,67,480,336
agri_0_3259.jpeg,512,512,weed,11,61,441,448
agri_0_8209.jpeg,512,512,crop,52,80,505,378
agri_0_7375.jpeg,512,512,weed,59,184,472,470
agri_0_7375.jpeg,512,512,weed,2,0,415,134
agri_0_8341.jpeg,512,512,crop,79,14,454,493
agri_0_5616.jpeg,512,512,weed,100,131,444,408
agri_0_5744.jpeg,512,512,weed,176,167,397,397
agri_0_815.jpeg,512,512,crop,22,5,375,399
agri_0_815.jpeg,512,512,crop,271,187,510,509
agri_0_6537.jpeg,512,512,crop,37,132,439,444
agri_0_3160.jpeg,512,512,crop,197,142,356,295
agri_0_3160.jpeg,512,512,crop,0,129,153,339
agri_0_437.jpeg,512,512,crop,24,4,489,450
agri_0_7544.jpeg,512,512,weed,115,112,248,409
agri_0_9772.jpeg,512,512,weed,6,90,470,512
agri_0_6474.jpeg,512,512,weed,102,153,448,425
agri_0_7405.jpeg,512,512,weed,128,123,320,298
agri_0_5947.jpeg,512,512,crop,186,151,434,460
agri_0_5947.jpeg,512,512,crop,364,0,512,230
agri_0_4535.jpeg,512,512,weed,31,97,488,465
agri_0_3928.jpeg,512,512,crop,84,20,432,470
agri_0_4391.jpeg,512,512,weed,157,13,496,397
agri_0_9618.jpeg,512,512,crop,20,146,291,463
agri_0_9618.jpeg,512,512,crop,265,120,508,384
agri_0_5225.jpeg,512,512,weed,41,71,470,380
agri_0_4526.jpeg,512,512,weed,42,120,512,419
agri_0_1342.jpeg,512,512,crop,106,177,464,423
agri_0_1068.jpeg,512,512,weed,36,72,349,404
agri_0_4707.jpeg,512,512,weed,15,26,496,505
agri_0_5666.jpeg,512,512,crop,5,58,486,512
agri_0_1993.jpeg,512,512,weed,0,172,470,401
agri_0_1993.jpeg,512,512,weed,5,36,132,170
agri_0_6270.jpeg,512,512,crop,90,53,460,350
agri_0_8838.jpeg,512,512,weed,192,186,336,323
agri_0_1393.jpeg,512,512,weed,41,34,497,484
agri_0_4348.jpeg,512,512,weed,96,136,397,362
agri_0_4348.jpeg,512,512,weed,104,405,172,508
agri_0_9770.jpeg,512,512,crop,131,9,512,509
agri_0_9770.jpeg,512,512,crop,23,126,278,404
agri_0_8034.jpeg,512,512,crop,16,115,487,421
agri_0_8034.jpeg,512,512,crop,175,2,486,154
agri_0_2906.jpeg,512,512,crop,20,61,456,381
agri_0_2906.jpeg,512,512,crop,272,346,458,512
agri_0_4316.jpeg,512,512,weed,167,232,399,425
agri_0_823.jpeg,512,512,weed,156,104,396,282
agri_0_823.jpeg,512,512,weed,0,440,70,512
agri_0_823.jpeg,512,512,weed,36,1,141,59
agri_0_2438.jpeg,512,512,crop,87,132,414,365
agri_0_830.jpeg,512,512,crop,1,0,512,507
agri_0_6112.jpeg,512,512,weed,35,36,437,452
agri_0_7514.jpeg,512,512,crop,8,46,462,511
agri_0_6412.jpeg,512,512,crop,20,22,508,489
agri_0_6581.jpeg,512,512,weed,117,132,399,393
agri_0_9502.jpeg,512,512,crop,61,134,432,402
agri_0_4690.jpeg,512,512,weed,129,66,385,415
agri_0_110.jpeg,512,512,crop,0,143,472,444
agri_0_110.jpeg,512,512,crop,0,5,120,124
agri_0_110.jpeg,512,512,crop,301,63,404,130
agri_0_110.jpeg,512,512,crop,0,377,173,507
agri_0_110.jpeg,512,512,crop,126,0,230,43
agri_0_110.jpeg,512,512,crop,404,0,510,80
agri_0_8634.jpeg,512,512,crop,58,12,497,492
agri_0_8830.jpeg,512,512,weed,20,226,377,482
agri_0_8830.jpeg,512,512,weed,78,36,420,200
agri_0_3534.jpeg,512,512,weed,106,210,313,411
agri_0_3379.jpeg,512,512,weed,11,2,476,379
agri_0_5350.jpeg,512,512,crop,16,104,398,440
agri_0_5350.jpeg,512,512,crop,212,3,470,163
agri_0_5350.jpeg,512,512,crop,344,109,512,445
agri_0_326.jpeg,512,512,crop,57,45,461,424
agri_0_8104.jpeg,512,512,crop,18,112,499,442
agri_0_4516.jpeg,512,512,crop,0,135,422,490
agri_0_8409.jpeg,512,512,weed,69,128,422,365
agri_0_1966.jpeg,512,512,weed,152,189,337,406
agri_0_8161.jpeg,512,512,crop,223,110,412,396
agri_0_2722.jpeg,512,512,weed,61,91,485,474
agri_0_4508.jpeg,512,512,crop,56,19,478,512
agri_0_8489.jpeg,512,512,crop,41,1,504,512
agri_0_4276.jpeg,512,512,crop,29,111,420,348
agri_0_4276.jpeg,512,512,crop,10,339,316,512
agri_0_5716.jpeg,512,512,weed,83,31,430,415
agri_0_5087.jpeg,512,512,crop,123,59,160,86
agri_0_5087.jpeg,512,512,crop,340,162,377,228
agri_0_5087.jpeg,512,512,crop,328,280,382,320
agri_0_5087.jpeg,512,512,crop,326,344,388,394
agri_0_5087.jpeg,512,512,crop,422,215,475,264
agri_0_5087.jpeg,512,512,crop,151,396,197,428
agri_0_5087.jpeg,512,512,crop,255,162,291,188
agri_0_5087.jpeg,512,512,crop,302,61,417,125
agri_0_5087.jpeg,512,512,crop,5,334,39,397
agri_0_5087.jpeg,512,512,crop,77,208,112,255
agri_0_5087.jpeg,512,512,crop,408,163,439,195
agri_0_8440.jpeg,512,512,crop,18,18,506,481
agri_0_8783.jpeg,512,512,crop,16,95,504,483
agri_0_2513.jpeg,512,512,weed,104,88,272,264
agri_0_1317.jpeg,512,512,crop,6,46,491,463
agri_0_4302.jpeg,512,512,weed,49,130,501,479
agri_0_1543.jpeg,512,512,crop,1,19,505,464
agri_0_7306.jpeg,512,512,crop,71,44,415,421
agri_0_2323.jpeg,512,512,crop,0,0,495,416
agri_0_3828.jpeg,512,512,weed,272,225,507,481
agri_0_3828.jpeg,512,512,weed,60,43,256,227
agri_0_352.jpeg,512,512,weed,103,143,408,376
agri_0_352.jpeg,512,512,weed,91,406,182,508
agri_0_9430.jpeg,512,512,crop,18,47,475,450
agri_0_8262.jpeg,512,512,weed,1,56,444,437
agri_0_8007.jpeg,512,512,crop,41,41,508,509
agri_0_3862.jpeg,512,512,crop,23,0,493,507
agri_0_5210.jpeg,512,512,crop,123,240,163,264
agri_0_5210.jpeg,512,512,crop,97,89,151,154
agri_0_5210.jpeg,512,512,crop,323,228,389,275
agri_0_5210.jpeg,512,512,crop,321,151,386,209
agri_0_5210.jpeg,512,512,crop,204,400,236,426
agri_0_5210.jpeg,512,512,crop,336,370,395,460
agri_0_5210.jpeg,512,512,crop,430,356,492,429
agri_0_5210.jpeg,512,512,crop,299,64,351,99
agri_0_5210.jpeg,512,512,crop,35,1,128,41
agri_0_5523.jpeg,512,512,weed,46,56,488,448
agri_0_9143.jpeg,512,512,weed,262,104,404,416
agri_0_3944.jpeg,512,512,crop,71,112,512,464
agri_0_8700.jpeg,512,512,crop,95,100,445,402
agri_0_5858.jpeg,512,512,crop,44,1,456,481
agri_0_9927.jpeg,512,512,weed,77,167,484,480
agri_0_9927.jpeg,512,512,weed,63,7,508,147
agri_0_3423.jpeg,512,512,weed,118,118,478,436
agri_0_9451.jpeg,512,512,crop,164,230,310,372
agri_0_9451.jpeg,512,512,crop,360,179,512,389
agri_0_8655.jpeg,512,512,weed,108,121,474,408
agri_0_5723.jpeg,512,512,weed,77,198,390,498
agri_0_5128.jpeg,512,512,crop,10,27,512,495
agri_0_8980.jpeg,512,512,crop,65,103,112,138
agri_0_8980.jpeg,512,512,crop,263,33,314,119
agri_0_8980.jpeg,512,512,crop,101,404,144,456
agri_0_8980.jpeg,512,512,crop,242,351,312,414
agri_0_8980.jpeg,512,512,crop,345,461,415,500
agri_0_8980.jpeg,512,512,crop,343,182,423,236
agri_0_8980.jpeg,512,512,crop,350,5,432,96
agri_0_8980.jpeg,512,512,crop,123,12,178,36
agri_0_8980.jpeg,512,512,crop,233,429,298,494
agri_0_8980.jpeg,512,512,crop,149,394,195,444
agri_0_8980.jpeg,512,512,crop,136,443,172,483
agri_0_8980.jpeg,512,512,crop,1,442,34,503
agri_0_8980.jpeg,512,512,crop,5,364,40,399
agri_0_8980.jpeg,512,512,crop,102,75,144,99
agri_0_8980.jpeg,512,512,crop,144,61,182,112
agri_0_2144.jpeg,512,512,weed,145,126,405,301
agri_0_2320.jpeg,512,512,weed,255,242,389,425
agri_0_6870.jpeg,512,512,crop,5,8,503,507
agri_0_8195.jpeg,512,512,crop,23,71,508,452
agri_0_6039.jpeg,512,512,crop,0,55,496,468
agri_0_5822.jpeg,512,512,crop,56,25,512,402
agri_0_9740.jpeg,512,512,crop,39,33,437,408
agri_0_3152.jpeg,512,512,crop,44,59,510,296
agri_0_4502.jpeg,512,512,weed,110,113,334,348
agri_0_1988.jpeg,512,512,weed,29,50,500,490
agri_0_8357.jpeg,512,512,crop,82,42,464,497
agri_0_4226.jpeg,512,512,crop,20,60,455,388
agri_0_7491.jpeg,512,512,crop,28,134,493,423
agri_0_7495.jpeg,512,512,crop,23,47,471,453
agri_0_1094.jpeg,512,512,crop,52,72,476,471
agri_0_7177.jpeg,512,512,crop,73,155,376,404
agri_0_6823.jpeg,512,512,weed,203,145,457,455
agri_0_7668.jpeg,512,512,crop,160,122,202,161
agri_0_7668.jpeg,512,512,crop,124,54,175,96
agri_0_7668.jpeg,512,512,crop,118,116,151,148
agri_0_7668.jpeg,512,512,crop,333,90,373,128
agri_0_7668.jpeg,512,512,crop,345,47,394,73
agri_0_7668.jpeg,512,512,crop,399,75,420,100
agri_0_7668.jpeg,512,512,crop,128,224,163,259
agri_0_7668.jpeg,512,512,crop,187,252,223,286
agri_0_7668.jpeg,512,512,crop,207,299,300,342
agri_0_7668.jpeg,512,512,crop,287,276,319,304
agri_0_7668.jpeg,512,512,crop,343,283,375,332
agri_0_7668.jpeg,512,512,crop,340,427,379,468
agri_0_7668.jpeg,512,512,crop,314,360,360,402
agri_0_7668.jpeg,512,512,crop,102,461,156,493
agri_0_7668.jpeg,512,512,crop,30,305,127,379
agri_0_7668.jpeg,512,512,crop,380,148,498,217
agri_0_3394.jpeg,512,512,weed,80,37,434,388
agri_0_8788.jpeg,512,512,crop,188,180,366,350
agri_0_2161.jpeg,512,512,crop,116,241,397,392
agri_0_6481.jpeg,512,512,weed,97,124,452,453
agri_0_6540.jpeg,512,512,weed,305,206,512,404
agri_0_6540.jpeg,512,512,weed,172,15,511,198
agri_0_6540.jpeg,512,512,weed,24,200,254,482
agri_0_9055.jpeg,512,512,weed,108,123,392,312
agri_0_5938.jpeg,512,512,crop,219,114,431,399
agri_0_9376.jpeg,512,512,weed,28,166,449,391
agri_0_6801.jpeg,512,512,crop,47,42,460,503
agri_0_6801.jpeg,512,512,crop,1,240,169,488
agri_0_3074.jpeg,512,512,crop,5,16,512,511
agri_0_1932.jpeg,512,512,crop,8,3,497,501
agri_0_3480.jpeg,512,512,crop,72,52,464,491
agri_0_8463.jpeg,512,512,crop,30,131,467,407
agri_0_4333.jpeg,512,512,weed,138,240,272,449
agri_0_347.jpeg,512,512,weed,42,53,483,397
agri_0_4778.jpeg,512,512,weed,36,22,379,272
agri_0_2923.jpeg,512,512,crop,12,23,472,474
agri_0_6605.jpeg,512,512,crop,0,69,404,511
agri_0_6605.jpeg,512,512,crop,259,0,512,264
agri_0_3744.jpeg,512,512,weed,52,148,411,422
agri_0_8618.jpeg,512,512,weed,183,218,391,426
agri_0_7104.jpeg,512,512,crop,15,19,495,471
agri_0_2159.jpeg,512,512,crop,1,113,36,148
agri_0_2159.jpeg,512,512,crop,132,325,180,383
agri_0_2159.jpeg,512,512,crop,446,381,496,454
agri_0_2159.jpeg,512,512,crop,134,108,190,142
agri_0_2159.jpeg,512,512,crop,430,91,462,128
agri_0_2159.jpeg,512,512,crop,117,50,150,73
agri_0_2159.jpeg,512,512,crop,172,59,204,89
agri_0_2159.jpeg,512,512,crop,328,295,358,319
agri_0_2159.jpeg,512,512,crop,80,326,113,372
agri_0_2159.jpeg,512,512,crop,220,408,252,431
agri_0_2345.jpeg,512,512,weed,394,382,512,508
agri_0_2345.jpeg,512,512,weed,1,166,345,335
agri_0_2345.jpeg,512,512,weed,346,57,512,209
agri_0_3720.jpeg,512,512,crop,317,238,356,269
agri_0_3720.jpeg,512,512,crop,352,172,391,204
agri_0_3720.jpeg,512,512,crop,324,199,361,232
agri_0_3720.jpeg,512,512,crop,316,40,364,144
agri_0_3720.jpeg,512,512,crop,111,205,169,254
agri_0_3720.jpeg,512,512,crop,144,288,185,321
agri_0_3720.jpeg,512,512,crop,196,252,242,280
agri_0_3720.jpeg,512,512,crop,44,281,75,308
agri_0_3720.jpeg,512,512,crop,404,314,488,386
agri_0_3720.jpeg,512,512,crop,439,194,512,252
agri_0_4218.jpeg,512,512,crop,83,54,464,361
agri_0_8421.jpeg,512,512,crop,85,88,492,484
agri_0_6863.jpeg,512,512,weed,23,167,374,429
agri_0_4753.jpeg,512,512,weed,207,129,384,332
agri_0_299.jpeg,512,512,weed,193,88,361,448
agri_0_9367.jpeg,512,512,crop,1,78,505,431
agri_0_7325.jpeg,512,512,crop,70,108,421,432
agri_0_6189.jpeg,512,512,weed,89,170,385,410
agri_0_2633.jpeg,512,512,crop,320,189,385,238
agri_0_2633.jpeg,512,512,crop,338,278,378,354
agri_0_2633.jpeg,512,512,crop,126,412,161,464
agri_0_2633.jpeg,512,512,crop,308,110,401,173
agri_0_2633.jpeg,512,512,crop,283,27,408,104
agri_0_2633.jpeg,512,512,crop,154,82,193,113
agri_0_2633.jpeg,512,512,crop,72,263,112,304
agri_0_2633.jpeg,512,512,crop,351,390,423,446
agri_0_2633.jpeg,512,512,crop,426,248,475,290
agri_0_7141.jpeg,512,512,crop,67,147,448,473
agri_0_1395.jpeg,512,512,crop,101,70,504,487
agri_0_2465.jpeg,512,512,weed,50,92,450,437
agri_0_6212.jpeg,512,512,crop,33,105,416,495
agri_0_7222.jpeg,512,512,crop,56,98,466,473
agri_0_6092.jpeg,512,512,weed,99,157,404,359
agri_0_372.jpeg,512,512,crop,39,115,430,421
agri_0_372.jpeg,512,512,crop,172,405,466,509
agri_0_1123.jpeg,512,512,crop,156,195,327,369
agri_0_5487.jpeg,512,512,crop,20,3,384,512
agri_0_4113.jpeg,512,512,crop,43,143,475,411
agri_0_4267.jpeg,512,512,weed,51,149,392,469
agri_0_1830.jpeg,512,512,crop,32,0,426,456
agri_0_7119.jpeg,512,512,crop,110,184,461,423
agri_0_1198.jpeg,512,512,crop,39,15,417,500
agri_0_8803.jpeg,512,512,crop,49,27,392,313
agri_0_8803.jpeg,512,512,crop,72,210,512,511
agri_0_2727.jpeg,512,512,weed,60,51,412,339
agri_0_9586.jpeg,512,512,weed,23,128,350,360
agri_0_8848.jpeg,512,512,weed,72,118,505,428
agri_0_5693.jpeg,512,512,weed,2,149,344,368
agri_0_4029.jpeg,512,512,weed,76,146,463,415
agri_0_4300.jpeg,512,512,weed,61,170,457,500
agri_0_9397.jpeg,512,512,crop,77,123,510,444
agri_0_9397.jpeg,512,512,crop,0,0,258,198
agri_0_9397.jpeg,512,512,crop,304,52,512,273
agri_0_9116.jpeg,512,512,weed,197,130,390,336
agri_0_9116.jpeg,512,512,weed,112,257,170,337
agri_0_9116.jpeg,512,512,weed,417,336,512,427
agri_0_221.jpeg,512,512,crop,14,0,511,496
agri_0_3331.jpeg,512,512,crop,88,112,482,481
agri_0_8914.jpeg,512,512,crop,40,0,457,500
agri_0_4301.jpeg,512,512,crop,186,337,257,400
agri_0_4301.jpeg,512,512,crop,327,366,368,412
agri_0_4301.jpeg,512,512,crop,263,280,308,325
agri_0_4301.jpeg,512,512,crop,171,239,228,299
agri_0_4301.jpeg,512,512,crop,372,226,414,274
agri_0_4301.jpeg,512,512,crop,359,178,405,212
agri_0_4301.jpeg,512,512,crop,68,174,156,262
agri_0_4301.jpeg,512,512,crop,156,103,214,125
agri_0_4301.jpeg,512,512,crop,68,105,118,136
agri_0_4301.jpeg,512,512,crop,216,166,261,219
agri_0_4301.jpeg,512,512,crop,54,55,118,88
agri_0_8252.jpeg,512,512,weed,188,150,404,300
agri_0_1882.jpeg,512,512,weed,45,67,436,512
agri_0_3404.jpeg,512,512,weed,258,172,364,325
agri_0_3404.jpeg,512,512,weed,44,240,165,413
agri_0_3061.jpeg,512,512,crop,344,243,380,273
agri_0_3061.jpeg,512,512,crop,123,241,195,273
agri_0_3061.jpeg,512,512,crop,128,313,195,360
agri_0_3061.jpeg,512,512,crop,165,414,200,448
agri_0_3061.jpeg,512,512,crop,270,440,300,468
agri_0_3061.jpeg,512,512,crop,358,358,392,395
agri_0_3061.jpeg,512,512,crop,116,53,182,145
agri_0_3061.jpeg,512,512,crop,22,74,93,164
agri_0_3061.jpeg,512,512,crop,332,53,397,86
agri_0_3061.jpeg,512,512,crop,277,80,310,107
agri_0_7031.jpeg,512,512,weed,95,148,413,327
agri_0_8405.jpeg,512,512,crop,55,46,512,504
agri_0_3657.jpeg,512,512,crop,98,40,490,512
agri_0_4127.jpeg,512,512,weed,22,55,478,414
agri_0_1009.jpeg,512,512,weed,172,119,449,391
agri_0_7806.jpeg,512,512,weed,81,57,464,504
agri_0_5042.jpeg,512,512,weed,81,132,412,362
agri_0_8702.jpeg,512,512,weed,63,49,427,336
agri_0_6196.jpeg,512,512,crop,75,144,147,201
agri_0_6196.jpeg,512,512,crop,152,223,240,291
agri_0_6196.jpeg,512,512,crop,170,315,218,358
agri_0_6196.jpeg,512,512,crop,160,414,233,477
agri_0_6196.jpeg,512,512,crop,49,12,136,108
agri_0_6196.jpeg,512,512,crop,186,72,211,108
agri_0_6196.jpeg,512,512,crop,329,263,368,298
agri_0_6196.jpeg,512,512,crop,342,337,379,380
agri_0_6196.jpeg,512,512,crop,13,411,75,476
agri_0_6196.jpeg,512,512,crop,457,386,506,449
agri_0_6196.jpeg,512,512,crop,179,3,264,42
agri_0_839.jpeg,512,512,crop,71,89,442,400
agri_0_7869.jpeg,512,512,weed,92,0,512,301
agri_0_1499.jpeg,512,512,crop,361,335,388,358
agri_0_1499.jpeg,512,512,crop,430,384,463,424
agri_0_1499.jpeg,512,512,crop,172,423,202,453
agri_0_1499.jpeg,512,512,crop,113,440,147,468
agri_0_1499.jpeg,512,512,crop,139,368,195,401
agri_0_1499.jpeg,512,512,crop,328,184,359,216
agri_0_1499.jpeg,512,512,crop,453,62,492,141
agri_0_1499.jpeg,512,512,crop,74,135,188,190
agri_0_1499.jpeg,512,512,crop,224,73,249,139
agri_0_1499.jpeg,512,512,crop,392,12,414,38
agri_0_1499.jpeg,512,512,crop,402,88,425,117
agri_0_2894.jpeg,512,512,crop,0,10,509,506
agri_0_2649.jpeg,512,512,crop,61,72,436,364
agri_0_5819.jpeg,512,512,crop,200,69,405,440
agri_0_3989.jpeg,512,512,weed,61,139,408,440
agri_0_6978.jpeg,512,512,crop,77,36,448,476
agri_0_7838.jpeg,512,512,crop,238,80,292,131
agri_0_7838.jpeg,512,512,crop,179,119,208,141
agri_0_7838.jpeg,512,512,crop,56,80,116,142
agri_0_7838.jpeg,512,512,crop,181,11,220,34
agri_0_7838.jpeg,512,512,crop,371,21,405,54
agri_0_7838.jpeg,512,512,crop,365,135,413,241
agri_0_7838.jpeg,512,512,crop,196,248,235,275
agri_0_7838.jpeg,512,512,crop,382,284,408,321
agri_0_7838.jpeg,512,512,crop,228,349,260,383
agri_0_7838.jpeg,512,512,crop,226,396,267,451
agri_0_7838.jpeg,512,512,crop,59,367,93,418
agri_0_7838.jpeg,512,512,crop,464,0,512,88
agri_0_741.jpeg,512,512,crop,2,365,66,500
agri_0_741.jpeg,512,512,crop,157,402,197,444
agri_0_741.jpeg,512,512,crop,160,281,189,310
agri_0_741.jpeg,512,512,crop,112,283,154,323
agri_0_741.jpeg,512,512,crop,191,228,263,275
agri_0_741.jpeg,512,512,crop,280,234,320,295
agri_0_741.jpeg,512,512,crop,286,358,358,395
agri_0_741.jpeg,512,512,crop,213,349,244,381
agri_0_741.jpeg,512,512,crop,336,100,395,134
agri_0_741.jpeg,512,512,crop,469,115,497,164
agri_0_741.jpeg,512,512,crop,149,104,179,142
agri_0_741.jpeg,512,512,crop,100,390,134,434
agri_0_741.jpeg,512,512,crop,435,294,465,335
agri_0_741.jpeg,512,512,crop,168,457,199,492
agri_0_7232.jpeg,512,512,crop,18,90,484,386
agri_0_2964.jpeg,512,512,crop,37,3,493,512
agri_0_5077.jpeg,512,512,weed,148,142,412,343
agri_0_7656.jpeg,512,512,weed,77,85,484,357
agri_0_1862.jpeg,512,512,crop,1,1,512,427
agri_0_3136.jpeg,512,512,weed,140,168,405,394
agri_0_3564.jpeg,512,512,weed,81,66,423,353
agri_0_7707.jpeg,512,512,crop,47,35,436,471
agri_0_2226.jpeg,512,512,crop,8,1,504,500
agri_0_1129.jpeg,512,512,crop,1,46,491,460
agri_0_5401.jpeg,512,512,crop,98,52,143,165
agri_0_5401.jpeg,512,512,crop,185,164,223,200
agri_0_5401.jpeg,512,512,crop,362,25,458,90
agri_0_5401.jpeg,512,512,crop,444,116,490,179
agri_0_5401.jpeg,512,512,crop,391,109,430,151
agri_0_5401.jpeg,512,512,crop,383,266,460,372
agri_0_5401.jpeg,512,512,crop,297,359,360,413
agri_0_5401.jpeg,512,512,crop,60,308,173,348
agri_0_5401.jpeg,512,512,crop,153,3,214,36
agri_0_5401.jpeg,512,512,crop,95,385,196,444
agri_0_5401.jpeg,512,512,crop,224,473,276,502
agri_0_5401.jpeg,512,512,crop,367,387,418,418
agri_0_3741.jpeg,512,512,crop,28,46,502,458
agri_0_4620.jpeg,512,512,weed,56,87,430,366
agri_0_5426.jpeg,512,512,crop,48,97,493,314
agri_0_5426.jpeg,512,512,crop,140,297,424,435
agri_0_9240.jpeg,512,512,weed,170,92,398,362
agri_0_9240.jpeg,512,512,weed,12,30,221,480
agri_0_551.jpeg,512,512,crop,100,68,394,366
agri_0_551.jpeg,512,512,crop,344,375,504,503
agri_0_551.jpeg,512,512,crop,402,219,511,363
agri_0_9095.jpeg,512,512,weed,24,8,482,472
agri_0_603.jpeg,512,512,crop,1,36,512,437
agri_0_1750.jpeg,512,512,crop,16,166,481,420
agri_0_237.jpeg,512,512,crop,28,64,461,480
agri_0_237.jpeg,512,512,crop,147,1,512,176
agri_0_333.jpeg,512,512,crop,84,53,429,512
agri_0_1211.jpeg,512,512,crop,54,34,464,451
agri_0_5676.jpeg,512,512,crop,8,15,512,445
agri_0_5366.jpeg,512,512,weed,49,94,423,364
agri_0_718.jpeg,512,512,crop,42,42,400,375
agri_0_1258.jpeg,512,512,weed,15,60,475,462
agri_0_2034.jpeg,512,512,crop,36,49,482,435
agri_0_4016.jpeg,512,512,weed,46,1,463,492
agri_0_6977.jpeg,512,512,weed,213,126,451,375
agri_0_954.jpeg,512,512,weed,0,52,509,430
agri_0_8422.jpeg,512,512,crop,49,145,512,398
agri_0_1885.jpeg,512,512,weed,51,15,487,486
agri_0_3869.jpeg,512,512,crop,86,146,430,383
agri_0_1985.jpeg,512,512,weed,109,155,336,280
agri_0_7625.jpeg,512,512,weed,179,188,403,413
agri_0_2405.jpeg,512,512,crop,0,67,511,512
agri_0_1420.jpeg,512,512,weed,30,76,511,396
agri_0_1420.jpeg,512,512,weed,291,398,512,510
agri_0_6574.jpeg,512,512,weed,55,137,493,449
agri_0_8708.jpeg,512,512,weed,135,67,376,393
agri_0_911.jpeg,512,512,weed,49,155,224,399
agri_0_911.jpeg,512,512,weed,310,154,444,350
agri_0_7888.jpeg,512,512,crop,26,40,510,481
agri_0_1909.jpeg,512,512,crop,121,90,315,330
agri_0_3995.jpeg,512,512,crop,19,125,478,372
agri_0_8046.jpeg,512,512,weed,92,160,396,349
agri_0_177.jpeg,512,512,crop,96,85,419,408
agri_0_9049.jpeg,512,512,weed,149,89,512,387
agri_0_9049.jpeg,512,512,weed,0,4,134,130
agri_0_4560.jpeg,512,512,weed,131,97,426,407
agri_0_9458.jpeg,512,512,weed,128,118,486,340
agri_0_7391.jpeg,512,512,crop,50,58,415,340
agri_0_7391.jpeg,512,512,crop,314,210,512,508
agri_0_5066.jpeg,512,512,crop,9,80,460,467
agri_0_7245.jpeg,512,512,weed,12,103,479,477
agri_0_4419.jpeg,512,512,weed,40,72,405,485
agri_0_4945.jpeg,512,512,weed,154,100,401,324
agri_0_5718.jpeg,512,512,crop,132,176,382,393
agri_0_1928.jpeg,512,512,crop,1,4,512,446
agri_0_9109.jpeg,512,512,crop,31,40,485,484
agri_0_3966.jpeg,512,512,crop,15,7,457,511
agri_0_3925.jpeg,512,512,crop,24,139,430,493
agri_0_3925.jpeg,512,512,crop,158,3,504,229
agri_0_2895.jpeg,512,512,weed,76,124,460,504
agri_0_2385.jpeg,512,512,weed,122,226,368,394
agri_0_2385.jpeg,512,512,weed,65,140,188,233
agri_0_2385.jpeg,512,512,weed,186,39,330,168
agri_0_2385.jpeg,512,512,weed,47,58,171,146
agri_0_8698.jpeg,512,512,weed,179,179,320,295
agri_0_8698.jpeg,512,512,weed,22,296,203,478
agri_0_122.jpeg,512,512,weed,178,145,417,312
agri_0_2158.jpeg,512,512,weed,134,203,294,379
agri_0_2158.jpeg,512,512,weed,344,155,405,260
agri_0_2158.jpeg,512,512,weed,2,64,72,184
agri_0_3156.jpeg,512,512,weed,133,160,316,306
agri_0_9439.jpeg,512,512,weed,112,234,390,418
agri_0_272.jpeg,512,512,crop,104,176,392,370
agri_0_9000.jpeg,512,512,crop,88,80,372,387
agri_0_8330.jpeg,512,512,weed,70,163,427,400
agri_0_8330.jpeg,512,512,weed,9,37,145,159
agri_0_7958.jpeg,512,512,weed,31,95,440,468
agri_0_7958.jpeg,512,512,weed,165,5,511,126
agri_0_4467.jpeg,512,512,crop,8,1,501,512
agri_0_4273.jpeg,512,512,weed,116,154,410,368
agri_0_4273.jpeg,512,512,weed,344,3,411,101
agri_0_3820.jpeg,512,512,weed,21,87,492,374
agri_0_3820.jpeg,512,512,crop,133,388,448,509
agri_0_7499.jpeg,512,512,crop,14,49,508,434
agri_0_9608.jpeg,512,512,crop,99,171,480,376
agri_0_9492.jpeg,512,512,crop,40,2,462,505
agri_0_6880.jpeg,512,512,crop,127,250,390,393
agri_0_8546.jpeg,512,512,weed,23,133,353,508
agri_0_1508.jpeg,512,512,weed,100,91,492,348
agri_0_2244.jpeg,512,512,weed,196,201,385,370
agri_0_2692.jpeg,512,512,crop,28,7,419,464
agri_0_5260.jpeg,512,512,crop,32,73,481,340
agri_0_9960.jpeg,512,512,weed,53,24,456,343
agri_0_8165.jpeg,512,512,weed,134,97,326,386
agri_0_1024.jpeg,512,512,weed,161,76,453,381
agri_0_9727.jpeg,512,512,weed,149,195,254,329
agri_0_9727.jpeg,512,512,weed,344,98,465,275
agri_0_1494.jpeg,512,512,weed,29,13,511,496
agri_0_3746.jpeg,512,512,crop,87,104,493,467
agri_0_84.jpeg,512,512,weed,1,50,512,507
agri_0_8305.jpeg,512,512,crop,30,93,492,476
agri_0_1083.jpeg,512,512,crop,21,75,488,448
agri_0_106.jpeg,512,512,crop,110,53,435,397
agri_0_106.jpeg,512,512,crop,69,462,247,512
agri_0_106.jpeg,512,512,crop,449,344,512,402
agri_0_106.jpeg,512,512,crop,11,195,88,311
agri_0_7814.jpeg,512,512,weed,79,139,415,369
agri_0_2694.jpeg,512,512,weed,94,162,455,400
agri_0_7464.jpeg,512,512,weed,139,185,396,433
agri_0_7464.jpeg,512,512,weed,307,118,442,247
agri_0_7464.jpeg,512,512,weed,128,24,486,179
agri_0_1173.jpeg,512,512,weed,68,153,420,362
agri_0_9612.jpeg,512,512,weed,19,111,506,457
agri_0_9971.jpeg,512,512,weed,45,132,228,311
agri_0_9971.jpeg,512,512,weed,52,355,227,512
agri_0_9971.jpeg,512,512,weed,272,80,458,310
agri_0_9971.jpeg,512,512,weed,218,342,313,431
agri_0_3569.jpeg,512,512,crop,6,87,316,442
agri_0_3569.jpeg,512,512,crop,245,157,512,484
agri_0_5270.jpeg,512,512,crop,56,55,512,464
agri_0_915.jpeg,512,512,weed,180,117,444,429
agri_0_4964.jpeg,512,512,weed,57,0,459,468
agri_0_2772.jpeg,512,512,weed,86,206,448,478
agri_0_2927.jpeg,512,512,weed,64,140,413,405
agri_0_7034.jpeg,512,512,crop,10,121,488,460
agri_0_6604.jpeg,512,512,weed,68,134,412,392
agri_0_2136.jpeg,512,512,weed,72,10,459,346
agri_0_3023.jpeg,512,512,weed,81,117,471,391
agri_0_5856.jpeg,512,512,crop,14,56,484,442
agri_0_5006.jpeg,512,512,weed,84,143,434,393
agri_0_9279.jpeg,512,512,weed,162,240,360,393
agri_0_9279.jpeg,512,512,weed,336,160,480,314
agri_0_1707.jpeg,512,512,weed,26,31,236,299
agri_0_7877.jpeg,512,512,weed,146,213,431,414
agri_0_1627.jpeg,512,512,weed,74,61,512,431
agri_0_487.jpeg,512,512,weed,215,213,303,300
agri_0_487.jpeg,512,512,weed,278,0,344,98
agri_0_6222.jpeg,512,512,weed,175,146,405,432
agri_0_9714.jpeg,512,512,crop,67,45,481,480
agri_0_5220.jpeg,512,512,crop,160,100,400,250
agri_0_5231.jpeg,512,512,weed,13,35,491,480
agri_0_1177.jpeg,512,512,crop,5,55,486,465
agri_0_8821.jpeg,512,512,weed,99,164,449,482
agri_0_8821.jpeg,512,512,weed,62,11,511,124
agri_0_9148.jpeg,512,512,weed,44,70,223,350
agri_0_9148.jpeg,512,512,weed,316,189,425,364
agri_0_9206.jpeg,512,512,weed,85,137,470,392
agri_0_6058.jpeg,512,512,weed,42,92,476,416
agri_0_5118.jpeg,512,512,crop,45,86,430,443
agri_0_5118.jpeg,512,512,crop,247,291,512,500
agri_0_5733.jpeg,512,512,crop,114,277,356,408
agri_0_8073.jpeg,512,512,weed,70,117,415,367
agri_0_6860.jpeg,512,512,weed,183,222,314,349
agri_0_6860.jpeg,512,512,weed,13,42,219,183
agri_0_9899.jpeg,512,512,crop,34,114,499,449
agri_0_4463.jpeg,512,512,crop,31,58,274,385
agri_0_4463.jpeg,512,512,crop,272,156,512,390
agri_0_2792.jpeg,512,512,crop,340,308,376,342
agri_0_2792.jpeg,512,512,crop,387,307,444,350
agri_0_2792.jpeg,512,512,crop,287,164,326,205
agri_0_2792.jpeg,512,512,crop,384,208,411,235
agri_0_2792.jpeg,512,512,crop,367,123,405,163
agri_0_2792.jpeg,512,512,crop,374,63,408,101
agri_0_2792.jpeg,512,512,crop,25,123,65,170
agri_0_2792.jpeg,512,512,crop,59,36,139,90
agri_0_2792.jpeg,512,512,crop,33,263,130,372
agri_0_2792.jpeg,512,512,crop,96,380,147,420
agri_0_2792.jpeg,512,512,crop,151,359,225,407
agri_0_2792.jpeg,512,512,crop,301,387,411,439
agri_0_2792.jpeg,512,512,crop,299,0,351,47
agri_0_3604.jpeg,512,512,crop,172,36,512,309
agri_0_3604.jpeg,512,512,crop,67,168,391,400
agri_0_2654.jpeg,512,512,crop,21,64,484,344
agri_0_7749.jpeg,512,512,weed,89,128,400,381
agri_0_7749.jpeg,512,512,weed,93,9,175,90
agri_0_5474.jpeg,512,512,weed,100,96,389,312
agri_0_1509.jpeg,512,512,weed,64,129,444,384
agri_0_4651.jpeg,512,512,weed,178,40,371,456
agri_0_6158.jpeg,512,512,weed,23,109,497,441
agri_0_683.jpeg,512,512,weed,139,17,381,400
agri_0_5100.jpeg,512,512,crop,53,100,492,381
agri_0_4702.jpeg,512,512,weed,15,59,479,500
agri_0_7497.jpeg,512,512,weed,194,141,443,395
agri_0_3403.jpeg,512,512,crop,43,4,447,493
agri_0_550.jpeg,512,512,weed,82,181,416,460
agri_0_3703.jpeg,512,512,weed,59,149,458,428
agri_0_3703.jpeg,512,512,weed,0,0,184,144
agri_0_8572.jpeg,512,512,crop,4,6,456,485
agri_0_2774.jpeg,512,512,crop,297,316,345,359
agri_0_2774.jpeg,512,512,crop,390,295,427,321
agri_0_2774.jpeg,512,512,crop,140,341,174,373
agri_0_2774.jpeg,512,512,crop,272,408,354,488
agri_0_2774.jpeg,512,512,crop,149,268,180,298
agri_0_2774.jpeg,512,512,crop,432,406,512,482
agri_0_2774.jpeg,512,512,crop,324,262,358,286
agri_0_2774.jpeg,512,512,crop,273,232,307,269
agri_0_2774.jpeg,512,512,crop,324,224,358,250
agri_0_2774.jpeg,512,512,crop,366,252,396,279
agri_0_2774.jpeg,512,512,crop,34,187,73,216
agri_0_2774.jpeg,512,512,crop,75,75,109,104
agri_0_2774.jpeg,512,512,crop,296,75,331,114
agri_0_2774.jpeg,512,512,crop,383,36,440,118
agri_0_2774.jpeg,512,512,crop,360,143,433,210
agri_0_2774.jpeg,512,512,crop,425,192,505,235
agri_0_9278.jpeg,512,512,weed,111,153,472,434
agri_0_9526.jpeg,512,512,weed,202,160,353,305
agri_0_5688.jpeg,512,512,weed,122,126,418,300
agri_0_8225.jpeg,512,512,crop,0,1,415,439
agri_0_9226.jpeg,512,512,crop,54,43,491,505
agri_0_7705.jpeg,512,512,weed,0,151,461,447
agri_0_7705.jpeg,512,512,weed,357,40,511,144
agri_0_7675.jpeg,512,512,weed,223,199,306,275
agri_0_7675.jpeg,512,512,weed,34,17,130,122
agri_0_1130.jpeg,512,512,weed,167,240,400,416
agri_0_1130.jpeg,512,512,weed,44,453,154,512
agri_0_8663.jpeg,512,512,weed,71,70,483,478
agri_0_5981.jpeg,512,512,weed,116,44,458,367
agri_0_3666.jpeg,512,512,weed,109,124,406,380
agri_0_1082.jpeg,512,512,crop,31,30,444,328
agri_0_1082.jpeg,512,512,crop,174,299,307,426
agri_0_9272.jpeg,512,512,weed,127,168,437,345
agri_0_882.jpeg,512,512,weed,48,32,416,381
agri_0_7340.jpeg,512,512,weed,99,0,421,429
agri_0_6820.jpeg,512,512,weed,182,36,414,436
agri_0_3203.jpeg,512,512,crop,189,50,438,460
agri_0_7201.jpeg,512,512,weed,70,100,500,372
agri_0_9207.jpeg,512,512,crop,16,165,449,424
agri_0_4618.jpeg,512,512,crop,64,42,474,416
agri_0_1215.jpeg,512,512,weed,10,114,464,371
agri_0_5802.jpeg,512,512,crop,16,78,488,512
agri_0_3198.jpeg,512,512,weed,194,67,372,483
agri_0_7123.jpeg,512,512,crop,46,6,452,496
agri_0_8146.jpeg,512,512,crop,16,116,495,412
agri_0_8146.jpeg,512,512,crop,172,0,485,150
agri_0_3613.jpeg,512,512,crop,123,120,381,271
agri_0_466.jpeg,512,512,weed,112,109,250,407
agri_0_2228.jpeg,512,512,weed,195,87,416,406
agri_0_6993.jpeg,512,512,weed,112,36,466,356
agri_0_5461.jpeg,512,512,crop,20,18,478,447
agri_0_3129.jpeg,512,512,weed,58,107,478,473
agri_0_3990.jpeg,512,512,weed,54,48,386,357
agri_0_7039.jpeg,512,512,weed,49,116,435,429
agri_0_9963.jpeg,512,512,weed,58,80,455,336
agri_0_4416.jpeg,512,512,crop,3,4,512,474
agri_0_8338.jpeg,512,512,crop,63,53,453,451
agri_0_2807.jpeg,512,512,weed,127,176,327,378
agri_0_136.jpeg,512,512,crop,1,73,471,452
agri_0_6417.jpeg,512,512,crop,120,189,378,384
agri_0_2808.jpeg,512,512,crop,24,45,502,460
agri_0_2393.jpeg,512,512,weed,9,80,440,393
agri_0_941.jpeg,512,512,weed,204,212,285,294
agri_0_1515.jpeg,512,512,crop,92,12,492,474
agri_0_4530.jpeg,512,512,crop,59,102,438,447
agri_0_7209.jpeg,512,512,weed,77,151,427,366
agri_0_4806.jpeg,512,512,crop,20,53,484,479
agri_0_9152.jpeg,512,512,crop,37,31,508,499
agri_0_3492.jpeg,512,512,weed,83,84,451,403
agri_0_3492.jpeg,512,512,weed,1,369,180,512
agri_0_3536.jpeg,512,512,weed,18,88,479,441
agri_0_5568.jpeg,512,512,weed,14,18,357,408
agri_0_5568.jpeg,512,512,weed,389,247,511,373
agri_0_5306.jpeg,512,512,crop,52,100,406,436
agri_0_2567.jpeg,512,512,crop,16,10,486,471
agri_0_4575.jpeg,512,512,weed,91,149,461,424
agri_0_3229.jpeg,512,512,crop,90,170,377,439
agri_0_3229.jpeg,512,512,crop,344,36,512,285
agri_0_7105.jpeg,512,512,weed,115,140,444,424
agri_0_5542.jpeg,512,512,weed,61,169,439,491
agri_0_5090.jpeg,512,512,crop,36,119,490,430
agri_0_395.jpeg,512,512,weed,185,73,426,409
agri_0_9208.jpeg,512,512,weed,140,232,263,426
agri_0_7037.jpeg,512,512,weed,16,204,247,499
agri_0_3282.jpeg,512,512,weed,4,4,509,476
agri_0_6643.jpeg,512,512,weed,176,167,410,410
agri_0_5871.jpeg,512,512,crop,77,67,463,512
agri_0_6504.jpeg,512,512,crop,47,65,509,482
agri_0_8704.jpeg,512,512,crop,36,88,422,512
agri_0_8704.jpeg,512,512,crop,239,3,448,200
agri_0_4335.jpeg,512,512,weed,151,138,484,344
agri_0_4335.jpeg,512,512,weed,10,37,137,312
agri_0_4335.jpeg,512,512,weed,108,6,244,110
agri_0_4335.jpeg,512,512,weed,339,8,512,105
agri_0_5384.jpeg,512,512,weed,14,58,420,452
agri_0_5992.jpeg,512,512,weed,105,36,467,360
agri_0_6708.jpeg,512,512,weed,63,24,446,333
agri_0_9220.jpeg,512,512,crop,50,123,408,424
agri_0_752.jpeg,512,512,weed,80,97,390,364
agri_0_5248.jpeg,512,512,weed,79,112,500,384
agri_0_1332.jpeg,512,512,crop,103,172,382,444
agri_0_1332.jpeg,512,512,crop,357,23,508,150
agri_0_1332.jpeg,512,512,crop,388,156,510,276
agri_0_7323.jpeg,512,512,crop,208,169,257,218
agri_0_7323.jpeg,512,512,crop,129,36,180,86
agri_0_7323.jpeg,512,512,crop,38,144,93,200
agri_0_7323.jpeg,512,512,crop,8,232,62,286
agri_0_7323.jpeg,512,512,crop,15,287,87,359
agri_0_7323.jpeg,512,512,crop,320,347,387,413
agri_0_7323.jpeg,512,512,crop,347,249,390,292
agri_0_7323.jpeg,512,512,crop,288,225,328,264
agri_0_7323.jpeg,512,512,crop,145,105,196,156
agri_0_7323.jpeg,512,512,crop,358,9,416,67
agri_0_7323.jpeg,512,512,crop,400,130,485,216
agri_0_7323.jpeg,512,512,crop,331,414,385,468
agri_0_7323.jpeg,512,512,crop,138,384,177,424
agri_0_9198.jpeg,512,512,crop,3,2,508,463
agri_0_277.jpeg,512,512,weed,172,138,300,321
agri_0_277.jpeg,512,512,weed,362,268,505,389
agri_0_82.jpeg,512,512,weed,71,121,404,458
agri_0_82.jpeg,512,512,weed,265,2,345,64
agri_0_82.jpeg,512,512,weed,360,3,449,64
agri_0_82.jpeg,512,512,weed,157,4,239,60
agri_0_82.jpeg,512,512,weed,14,108,67,153
agri_0_82.jpeg,512,512,weed,417,216,512,320
agri_0_9312.jpeg,512,512,crop,12,27,501,457
agri_0_8623.jpeg,512,512,weed,122,168,352,398
agri_0_3647.jpeg,512,512,weed,210,206,312,303
agri_0_3647.jpeg,512,512,weed,267,17,354,128
agri_0_1334.jpeg,512,512,weed,73,125,498,404
agri_0_1959.jpeg,512,512,crop,16,95,498,383
agri_0_5136.jpeg,512,512,crop,37,20,444,453
agri_0_4687.jpeg,512,512,weed,13,0,484,509
agri_0_8556.jpeg,512,512,crop,1,111,440,464
agri_0_1841.jpeg,512,512,weed,99,100,448,342
agri_0_4948.jpeg,512,512,crop,43,67,483,482
agri_0_4948.jpeg,512,512,crop,0,0,360,173
agri_0_1512.jpeg,512,512,weed,76,161,412,389
agri_0_667.jpeg,512,512,weed,11,122,402,361
agri_0_667.jpeg,512,512,weed,308,0,510,155
agri_0_667.jpeg,512,512,weed,1,352,192,477
agri_0_8058.jpeg,512,512,crop,74,110,433,444
agri_0_5605.jpeg,512,512,weed,76,127,492,405
agri_0_6653.jpeg,512,512,weed,56,122,428,337
agri_0_8811.jpeg,512,512,crop,39,40,442,415
agri_0_4014.jpeg,512,512,weed,102,119,468,415
agri_0_4670.jpeg,512,512,weed,67,15,452,349
agri_0_1351.jpeg,512,512,crop,42,80,471,512
agri_0_9861.jpeg,512,512,weed,126,231,399,394
agri_0_4058.jpeg,512,512,crop,52,68,490,379
agri_0_164.jpeg,512,512,crop,11,1,404,425
agri_0_224.jpeg,512,512,weed,96,8,490,482
agri_0_618.jpeg,512,512,crop,9,89,504,379
agri_0_2971.jpeg,512,512,crop,285,76,319,107
agri_0_2971.jpeg,512,512,crop,24,131,109,192
agri_0_2971.jpeg,512,512,crop,83,46,135,88
agri_0_2971.jpeg,512,512,crop,144,234,195,313
agri_0_2971.jpeg,512,512,crop,264,230,312,261
agri_0_2971.jpeg,512,512,crop,322,188,364,223
agri_0_2971.jpeg,512,512,crop,343,256,398,307
agri_0_2971.jpeg,512,512,crop,141,377,196,479
agri_0_2971.jpeg,512,512,crop,252,335,288,364
agri_0_2971.jpeg,512,512,crop,25,264,75,328
agri_0_2971.jpeg,512,512,crop,436,199,469,232
agri_0_6642.jpeg,512,512,crop,208,182,371,358
agri_0_8246.jpeg,512,512,crop,1,32,512,465
agri_0_2271.jpeg,512,512,crop,1,6,512,420
agri_0_1168.jpeg,512,512,crop,48,155,475,403
agri_0_7468.jpeg,512,512,weed,179,183,250,295
agri_0_7468.jpeg,512,512,weed,81,202,128,252
agri_0_7468.jpeg,512,512,weed,64,30,189,166
agri_0_7468.jpeg,512,512,weed,445,130,494,308
agri_0_7468.jpeg,512,512,weed,323,116,414,158
agri_0_7468.jpeg,512,512,weed,433,63,471,107
agri_0_7468.jpeg,512,512,weed,73,396,120,502
agri_0_7468.jpeg,512,512,weed,232,415,297,484
agri_0_1612.jpeg,512,512,weed,100,109,252,413
agri_0_9831.jpeg,512,512,crop,3,1,451,503
agri_0_8072.jpeg,512,512,weed,37,154,472,436
agri_0_8893.jpeg,512,512,crop,93,71,368,336
agri_0_1878.jpeg,512,512,crop,13,15,491,498
agri_0_4913.jpeg,512,512,weed,152,20,512,386
agri_0_401.jpeg,512,512,weed,39,110,448,446
agri_0_401.jpeg,512,512,weed,330,1,507,148
agri_0_1053.jpeg,512,512,crop,92,34,458,424
agri_0_5502.jpeg,512,512,crop,63,132,500,388
agri_0_5502.jpeg,512,512,crop,316,289,508,512
agri_0_2604.jpeg,512,512,weed,95,134,455,444
agri_0_126.jpeg,512,512,weed,9,39,496,504
agri_0_5257.jpeg,512,512,crop,56,91,505,490
agri_0_5257.jpeg,512,512,crop,1,263,280,511
agri_0_4916.jpeg,512,512,weed,248,104,387,288
agri_0_7636.jpeg,512,512,crop,73,131,436,496
agri_0_2088.jpeg,512,512,crop,8,24,512,434
agri_0_203.jpeg,512,512,weed,106,182,371,365
agri_0_6078.jpeg,512,512,weed,93,0,416,392
agri_0_3468.jpeg,512,512,crop,10,26,334,320
agri_0_3468.jpeg,512,512,crop,124,171,511,496
agri_0_4122.jpeg,512,512,weed,138,163,411,382
agri_0_4122.jpeg,512,512,weed,8,15,179,142
agri_0_6094.jpeg,512,512,weed,64,187,448,459
agri_0_4184.jpeg,512,512,weed,23,196,353,398
agri_0_4184.jpeg,512,512,weed,5,4,191,182
agri_0_866.jpeg,512,512,crop,61,9,475,481
agri_0_7092.jpeg,512,512,weed,132,100,473,438
agri_0_7866.jpeg,512,512,crop,43,24,504,475
agri_0_5160.jpeg,512,512,weed,78,46,470,421
agri_0_9253.jpeg,512,512,crop,67,105,456,428
agri_0_3856.jpeg,512,512,weed,88,127,416,364
agri_0_8478.jpeg,512,512,crop,40,113,411,468
agri_0_8445.jpeg,512,512,weed,174,174,396,394
agri_0_5928.jpeg,512,512,crop,69,0,468,445
agri_0_5529.jpeg,512,512,crop,131,72,484,408
agri_0_4561.jpeg,512,512,crop,23,25,512,459
agri_0_5578.jpeg,512,512,weed,133,65,382,411
agri_0_1174.jpeg,512,512,crop,0,0,496,488
agri_0_4994.jpeg,512,512,crop,28,140,511,420
agri_0_4994.jpeg,512,512,crop,48,0,316,148
agri_0_7824.jpeg,512,512,weed,98,125,452,390
agri_0_4449.jpeg,512,512,crop,78,82,408,451
agri_0_2330.jpeg,512,512,crop,41,41,474,431
agri_0_8062.jpeg,512,512,weed,118,121,421,384
agri_0_5370.jpeg,512,512,crop,106,212,412,475
agri_0_5370.jpeg,512,512,crop,173,2,422,207
agri_0_5370.jpeg,512,512,crop,0,76,160,380
agri_0_1793.jpeg,512,512,crop,50,42,432,449
agri_0_129.jpeg,512,512,crop,92,83,460,435
agri_0_3081.jpeg,512,512,weed,154,236,458,358
agri_0_3081.jpeg,512,512,weed,126,384,256,512
agri_0_3081.jpeg,512,512,weed,0,184,144,317
agri_0_3081.jpeg,512,512,weed,104,22,208,96
agri_0_3081.jpeg,512,512,weed,1,324,123,421
agri_0_5389.jpeg,512,512,crop,8,134,501,444
agri_0_6879.jpeg,512,512,crop,22,43,494,463
agri_0_2549.jpeg,512,512,weed,133,180,319,400
agri_0_3607.jpeg,512,512,weed,257,108,407,394
agri_0_3230.jpeg,512,512,crop,20,120,483,492
agri_0_3690.jpeg,512,512,weed,1,149,507,512
agri_0_2545.jpeg,512,512,weed,45,161,438,480
agri_0_2545.jpeg,512,512,weed,42,4,491,145
agri_0_6387.jpeg,512,512,crop,372,276,417,380
agri_0_6387.jpeg,512,512,crop,227,63,267,158
agri_0_6387.jpeg,512,512,crop,210,344,292,438
agri_0_6387.jpeg,512,512,crop,187,230,232,267
agri_0_6387.jpeg,512,512,crop,46,77,88,153
agri_0_6387.jpeg,512,512,crop,49,365,120,478
agri_0_6387.jpeg,512,512,crop,381,187,415,230
agri_0_1114.jpeg,512,512,weed,25,14,463,452
agri_0_3880.jpeg,512,512,weed,52,117,436,399
agri_0_9500.jpeg,512,512,crop,87,80,428,380
agri_0_4362.jpeg,512,512,weed,88,107,444,394
agri_0_780.jpeg,512,512,weed,29,23,453,486
agri_0_526.jpeg,512,512,weed,107,174,451,405
agri_0_6572.jpeg,512,512,crop,153,177,184,222
agri_0_6572.jpeg,512,512,crop,331,112,433,193
agri_0_6572.jpeg,512,512,crop,256,63,291,136
agri_0_6572.jpeg,512,512,crop,17,52,122,132
agri_0_6572.jpeg,512,512,crop,120,327,162,366
agri_0_6572.jpeg,512,512,crop,43,383,96,432
agri_0_6572.jpeg,512,512,crop,309,370,371,404
agri_0_6572.jpeg,512,512,crop,298,433,401,474
agri_0_3667.jpeg,512,512,weed,35,79,490,422
agri_0_5661.jpeg,512,512,weed,114,43,452,379
agri_0_5625.jpeg,512,512,crop,4,39,492,460
agri_0_7546.jpeg,512,512,weed,121,102,355,276
agri_0_6769.jpeg,512,512,weed,37,80,496,408
agri_0_3958.jpeg,512,512,crop,31,120,420,482
agri_0_8393.jpeg,512,512,weed,111,122,418,403
agri_0_7079.jpeg,512,512,weed,106,93,251,412
agri_0_7977.jpeg,512,512,weed,186,119,459,410
agri_0_5615.jpeg,512,512,weed,88,72,334,432
agri_0_5773.jpeg,512,512,weed,1,1,316,421
agri_0_5208.jpeg,512,512,crop,56,69,440,511
agri_0_1955.jpeg,512,512,crop,42,9,484,482
agri_0_9575.jpeg,512,512,weed,56,100,455,391
agri_0_6393.jpeg,512,512,weed,80,8,399,342
agri_0_8671.jpeg,512,512,weed,59,75,463,417
agri_0_4073.jpeg,512,512,weed,12,116,434,407
agri_0_8834.jpeg,512,512,weed,181,108,376,283
agri_0_714.jpeg,512,512,weed,46,0,509,427
agri_0_566.jpeg,512,512,weed,99,177,500,433
agri_0_566.jpeg,512,512,weed,358,41,498,146
agri_0_566.jpeg,512,512,weed,0,260,107,479
agri_0_566.jpeg,512,512,weed,1,0,91,214
agri_0_6225.jpeg,512,512,crop,48,48,411,426
agri_0_4015.jpeg,512,512,weed,96,214,377,425
agri_0_7856.jpeg,512,512,weed,96,128,451,385
agri_0_4112.jpeg,512,512,crop,108,144,334,362
agri_0_7266.jpeg,512,512,crop,173,173,411,340
agri_0_1849.jpeg,512,512,crop,134,171,480,412
agri_0_7601.jpeg,512,512,weed,63,137,472,392
agri_0_1146.jpeg,512,512,weed,75,136,465,512
agri_0_4017.jpeg,512,512,crop,37,122,512,455
agri_0_6166.jpeg,512,512,weed,13,18,508,499
agri_0_8620.jpeg,512,512,weed,147,173,361,388
agri_0_9132.jpeg,512,512,crop,12,30,410,300
agri_0_9132.jpeg,512,512,crop,18,279,392,478
agri_0_462.jpeg,512,512,weed,56,105,428,472
agri_0_8995.jpeg,512,512,weed,201,230,324,349
agri_0_2751.jpeg,512,512,crop,27,24,509,478
agri_0_9445.jpeg,512,512,weed,77,164,468,505
agri_0_9445.jpeg,512,512,weed,0,1,292,137
agri_0_3530.jpeg,512,512,crop,44,89,430,416
agri_0_9871.jpeg,512,512,crop,26,59,512,454
agri_0_8163.jpeg,512,512,weed,16,60,419,511
agri_0_3807.jpeg,512,512,weed,73,164,170,327
agri_0_3807.jpeg,512,512,weed,289,127,455,380
agri_0_7072.jpeg,512,512,crop,25,126,482,456
agri_0_2697.jpeg,512,512,weed,132,164,408,398
agri_0_8899.jpeg,512,512,weed,253,104,411,421
agri_0_725.jpeg,512,512,crop,12,0,511,495
agri_0_3039.jpeg,512,512,crop,34,105,456,450
agri_0_3039.jpeg,512,512,crop,239,302,508,511
agri_0_6395.jpeg,512,512,crop,104,170,404,375
agri_0_626.jpeg,512,512,crop,8,55,489,508
agri_0_3949.jpeg,512,512,weed,63,132,468,359
agri_0_3014.jpeg,512,512,weed,150,208,316,345
agri_0_3014.jpeg,512,512,weed,9,30,232,174
agri_0_3014.jpeg,512,512,weed,5,435,143,512
agri_0_871.jpeg,512,512,weed,125,180,381,422
agri_0_871.jpeg,512,512,weed,58,129,188,224
agri_0_4951.jpeg,512,512,crop,48,67,438,444
agri_0_9881.jpeg,512,512,weed,92,168,446,405
agri_0_9857.jpeg,512,512,crop,0,3,457,464
agri_0_1041.jpeg,512,512,crop,62,1,464,512
agri_0_5134.jpeg,512,512,crop,6,49,477,423
agri_0_2825.jpeg,512,512,weed,76,347,315,499
agri_0_2825.jpeg,512,512,weed,16,144,202,303
agri_0_2825.jpeg,512,512,weed,291,94,471,304
agri_0_9252.jpeg,512,512,weed,247,194,384,331
agri_0_9252.jpeg,512,512,weed,37,104,179,246
agri_0_8141.jpeg,512,512,crop,27,51,460,498
